순위,임박도,단계,코드,종목명,시장,현재가,등락%,G적선,G청선,적선5일변화,T,B,U,20일상승%,60일상승%,그물망대비%,200일선대비%,장기이평수렴%,그물망폭%,그물망,거래량비%,5일거래량비%,주봉적선,주봉청선
1,79.1,초기 진입,055550,신한지주,코스피,110000,2.42,20.1,0.0,10.2,6.7,60.0,63.2,4.8,13.8,4.71,21.4,7.4,2.1,적색,111.5,69.7,20.1,0.0
2,78.6,초기 진입,108670,LX하우시스,코스피,34450,0.15,16.8,0.0,11.5,5.4,56.0,49.7,10.8,-11.2,4.81,10.9,4.4,1.9,적색,58.9,142.5,15.2,13.1
3,77.5,초기 진입,026960,동서,코스피,26500,0.95,15.5,0.4,4.4,6.7,56.6,60.0,1.0,7.5,2.53,0.3,2.7,2.5,적색,97.3,67.0,15.5,0.0
4,77.2,확산 시작,175330,JB금융지주,코스피,28850,2.12,26.3,0.0,10.5,8.0,57.5,56.6,15.9,12.3,5.02,8.5,3.2,4.1,적색,62.7,45.8,26.3,0.0
5,76.4,초기 진입,021240,코웨이,코스피,95700,-0.93,12.6,1.1,4.9,6.6,55.9,59.5,12.6,4.2,3.08,11.3,2.1,1.1,적색,75.0,93.2,11.7,1.0
6,76.4,초기 진입,009290,광동제약,코스피,6460,0.78,22.6,0.0,7.8,3.4,56.6,64.4,5.9,-18.4,6.32,-5.0,5.5,2.3,적색,71.4,82.1,22.6,17.0
7,75.6,초기 진입,097950,CJ제일제당,코스피,204500,0.74,15.2,0.0,7.4,6.5,59.3,57.4,7.0,-3.8,5.16,-3.7,1.7,1.8,적색,56.3,83.5,15.2,5.1
8,74.9,확산 시작,001800,오리온홀딩스,코스피,27750,3.16,20.4,0.0,9.8,8.8,62.2,51.0,10.3,16.8,7.27,20.6,7.3,1.6,적색,92.9,95.6,20.4,0.0
9,74.8,확산 시작,086790,하나금융지주,코스피,134700,1.05,22.8,1.6,8.5,9.0,59.3,54.4,9.9,9.4,3.44,22.1,7.9,3.6,적색,59.6,54.9,22.8,1.6
10,72.8,확산 시작,003690,코리안리,코스피,14530,-0.68,17.1,0.7,6.1,12.7,60.8,54.8,8.7,22.7,4.99,17.0,4.5,2.5,적색,72.2,94.2,15.0,0.0
11,72.4,초기 진입,001680,대상,코스피,18550,1.59,16.1,0.0,5.2,4.9,57.3,51.4,5.9,-6.7,3.63,-8.4,6.4,2.6,적색,146.9,108.5,16.1,7.8
12,72.0,관망→관심,095570,AJ네트웍스,코스피,4430,0.0,12.9,0.0,3.8,0.6,55.6,67.8,4.6,-4.3,4.04,-5.3,2.3,1.1,적색,82.3,144.5,12.9,8.4
13,71.4,관망→관심,046440,KG파이낸셜,코스닥,4190,0.12,12.6,0.2,7.8,1.8,56.2,60.4,5.9,-9.7,5.2,-11.3,5.5,0.6,청색,91.5,354.7,8.3,7.4
14,71.3,확산 시작,052330,코텍,코스닥,12430,1.55,15.6,0.0,6.0,12.8,61.0,57.4,8.6,0.5,3.95,21.3,8.5,2.4,적색,440.0,110.5,15.6,0.0
15,70.9,관망→관심,300720,한일시멘트,코스피,14830,0.68,13.6,0.0,7.1,2.0,57.0,58.6,1.2,-7.9,4.94,-10.5,8.2,0.8,적색,46.2,55.6,13.6,2.8
16,70.3,초기 진입,001530,DI동일,코스피,24600,1.44,20.3,0.0,4.4,6.3,55.5,47.4,10.1,-5.7,3.06,12.0,9.4,3.1,적색,61.5,42.0,20.3,15.4
17,70.0,확산 시작,011200,HMM,코스피,21800,1.87,19.1,0.0,4.6,14.9,60.9,61.7,12.8,10.1,4.43,7.1,1.0,4.2,적색,86.6,72.8,19.1,0.0
18,68.8,확산 시작,136490,선진,코스피,10340,1.47,20.2,0.0,9.7,8.8,59.8,65.1,10.6,1.0,6.51,0.9,3.2,2.7,적색,68.0,54.5,20.2,3.7
19,68.1,확산 시작,016580,환인제약,코스피,10400,0.87,12.7,0.0,3.8,8.4,60.4,64.1,6.2,-8.9,3.64,-2.8,3.3,1.8,적색,79.5,115.0,12.7,7.2
20,67.5,확산 시작,000070,삼양홀딩스,코스피,59600,1.36,14.8,0.0,3.7,8.9,58.0,59.0,8.0,-4.6,3.19,-5.4,3.0,2.8,적색,212.5,92.8,14.8,0.0
21,67.4,관망→관심,018250,애경산업,코스피,11990,1.18,16.4,0.0,5.7,1.9,55.7,66.1,10.2,-10.6,4.94,-10.5,3.7,1.4,적색,119.2,94.0,16.4,18.1
22,67.1,확산 시작,030190,NICE평가정보,코스피,15100,1.14,15.3,0.0,7.6,10.0,60.2,55.5,11.8,9.3,4.8,-3.1,5.0,2.4,적색,96.8,56.0,15.3,0.0
23,66.7,확산 시작,003230,삼양식품,코스피,1306000,5.92,24.0,0.0,13.1,11.2,60.8,56.5,18.4,-1.9,7.46,6.5,2.4,5.4,적색,104.0,83.0,22.2,0.7
24,66.7,확산 시작,053800,안랩,코스닥,59300,1.54,15.1,0.0,12.2,8.9,62.8,62.6,10.6,-8.1,7.78,-1.7,2.2,1.7,적색,55.3,63.1,15.1,8.6
25,66.0,확산 시작,042500,링네트,코스닥,4370,-0.34,14.4,1.5,5.0,8.5,56.4,55.2,10.9,-17.2,3.67,5.6,6.7,3.2,적색,61.3,68.1,14.4,12.7
26,61.8,확산 시작,007310,오뚜기,코스피,341500,2.09,15.8,0.0,6.1,9.5,61.1,63.1,3.0,-1.7,5.16,-6.1,6.9,2.9,적색,89.1,81.2,15.8,2.5
27,61.4,확산 시작,036460,한국가스공사,코스피,35750,2.88,12.8,0.0,4.1,8.5,59.6,57.4,10.7,-2.6,3.83,-6.0,7.7,3.2,적색,176.8,101.9,12.1,5.3
28,59.6,확산 시작,014820,동원시스템즈,코스피,22250,4.22,23.9,0.0,9.2,10.8,61.1,59.6,10.7,-11.4,7.62,-10.7,9.4,4.3,적색,78.9,76.3,23.9,6.3
29,59.4,확산 시작,000640,동아쏘시오홀딩스,코스피,89000,0.56,17.4,0.0,1.1,12.5,57.9,61.5,7.2,-5.3,1.77,-9.8,9.9,5.4,적색,44.8,81.7,17.4,4.0
30,58.0,관망→관심,027710,팜스토리,코스닥,1070,0.56,13.8,3.5,4.9,-2.0,51.1,49.5,6.5,-22.0,1.45,-10.6,0.3,2.1,적색,39.6,28.9,13.8,18.4
