순위,유사도점수,코드,종목명,시장,현재가,고점대비하락%,저점대비반등%,TSI,TSI시그널,Hilo,그물망상단,그물망대비%,저점경과일,거래량,거래량비율%
1,75.5,005810,풍산홀딩스,코스피,37250,-51.6,26.5,4.43,-5.03,92.9,35750,4.19,6,28401,85.1
2,74.0,285130,SK케미칼,코스피,43650,-50.7,21.8,1.9,-6.34,98.7,41192,5.97,7,41321,74.5
3,71.6,005880,대한해운,코스피,2045,-51.3,23.9,0.68,-8.64,95.2,1948,4.96,7,2011698,67.4
4,70.3,084010,대한제강,코스피,8380,-52.1,23.2,1.99,-6.97,93.5,8095,3.51,6,39873,119.5
5,69.6,234690,녹십자웰빙,코스닥,8810,-58.0,31.9,2.48,-6.11,98.2,8234,6.99,6,46705,59.3
6,63.1,214420,토니모리,코스피,5600,-57.5,33.7,-1.93,-9.42,92.8,5339,4.88,6,105788,93.4
7,62.9,123410,코리아에프티,코스닥,5790,-51.6,25.9,0.79,-6.01,96.0,5697,1.63,6,63319,78.1
8,62.5,460860,동국제강,코스피,9800,-55.2,23.6,6.32,-2.41,90.5,9230,6.18,20,129984,65.7
9,61.8,352480,씨앤씨인터내셔널,코스닥,20700,-55.1,25.1,-3.57,-12.14,97.6,19725,4.94,7,19235,96.4
10,61.7,043150,바텍,코스닥,19150,-41.4,19.5,-0.86,-11.84,97.5,18224,5.08,7,38625,105.3
11,61.1,000210,DL,코스피,50900,-49.8,30.5,3.03,-2.9,87.5,48149,5.71,6,63727,54.7
12,61.1,036890,진성티이씨,코스닥,14390,-46.9,28.4,-1.35,-6.45,92.7,14000,2.78,6,59354,87.7
13,59.5,105740,디케이락,코스닥,7200,-47.2,16.7,-0.82,-7.71,100.0,6881,4.63,13,68681,134.1
14,59.2,375500,DL이앤씨,코스피,72000,-53.8,46.0,2.56,-6.41,93.0,67165,7.2,7,320128,94.5
15,59.1,003550,LG,코스피,108100,-52.6,22.7,1.58,-4.79,98.0,107180,0.86,7,219938,67.4
16,59.0,204620,글로벌텍스프리,코스닥,5260,-39.5,33.0,5.59,-4.35,94.9,4819,9.15,7,845959,122.2
17,58.9,003090,대웅,코스피,17940,-49.6,16.4,-1.5,-8.33,96.2,17363,3.32,6,40490,68.8
18,58.3,009540,HD한국조선해양,코스피,398500,-35.7,26.9,6.3,0.25,94.9,376019,5.98,7,100744,44.8
19,58.3,006280,녹십자,코스피,129900,-42.4,22.7,-1.09,-7.91,100.0,124792,4.09,4,28612,63.3
20,58.2,012450,한화에어로스페이스,코스피,1097000,-52.7,40.1,-1.92,-11.27,99.1,1036153,5.87,7,162033,69.9
21,57.9,047050,포스코인터내셔널,코스피,58000,-50.8,29.3,1.72,-4.94,98.1,54476,6.47,29,421990,88.3
22,57.9,001230,동국홀딩스,코스피,1881,-43.4,24.6,-1.63,-10.33,92.8,1810,3.87,13,566926,130.3
23,56.9,102710,이엔에프테크놀로지,코스닥,45500,-48.8,36.6,1.08,-5.25,86.2,43757,3.98,6,77615,85.6
24,56.9,286940,롯데이노베이트,코스피,19290,-39.9,26.4,4.28,-5.71,97.3,18477,4.4,6,32460,180.5
25,56.4,195940,HK이노엔,코스닥 GL,41600,-40.6,19.5,-2.6,-10.13,96.5,40346,3.11,6,133119,97.6
26,56.4,013030,하이록코리아,코스닥,33250,-42.7,20.7,-0.42,-6.54,99.1,32679,1.74,6,33714,86.5
27,56.3,009290,광동제약,코스피,6460,-59.8,25.4,3.37,-3.35,100.0,6103,5.84,29,124052,71.4
28,55.9,004490,세방전지,코스피,55600,-39.6,18.6,-1.93,-6.93,94.6,53642,3.65,6,25701,69.5
29,55.4,016380,KG스틸,코스피,5860,-38.9,21.5,10.0,-0.98,92.8,5450,7.51,7,439016,148.4
30,55.1,003850,보령,코스피,8800,-31.4,18.8,1.85,-5.74,97.2,8482,3.75,7,110458,104.0
31,55.1,030520,한컴,코스닥,18480,-38.7,24.9,2.01,-7.13,89.3,18175,1.68,7,114404,100.0
32,55.1,003000,부광약품,코스피,4325,-63.8,20.8,-1.56,-9.67,91.4,4226,2.32,7,251041,69.9
33,54.6,002310,아세아제지,코스피,8000,-40.2,17.6,-2.96,-10.53,96.0,7726,3.54,7,76589,75.1
34,54.6,082800,비보존 제약,코스닥,2815,-54.4,36.0,-3.12,-11.22,99.3,2765,1.78,7,195539,86.3
35,54.3,100120,뷰웍스,코스닥,25400,-44.2,30.5,4.22,-5.51,85.0,24233,4.81,6,14745,42.5
36,54.1,029460,케이씨,코스피,31400,-45.1,33.1,-1.24,-6.94,86.7,30487,2.99,7,38755,101.9
37,54.0,018250,애경산업,코스피,11990,-47.0,18.5,1.87,-3.96,98.2,11561,3.7,29,43199,119.2
38,53.5,003350,한국화장품제조,코스피,8590,-39.5,27.3,5.06,-1.13,91.5,8123,5.75,29,145779,124.6
39,53.2,499790,GS피앤엘,코스피,44000,-51.9,36.4,2.5,-6.7,82.7,41271,6.61,5,94396,75.4
40,52.9,317450,명인제약,코스피,46050,-43.0,17.8,3.21,-5.32,99.3,43242,6.49,29,22580,145.7
41,52.8,086900,메디톡스,코스닥,79800,-51.1,20.9,-2.61,-11.68,92.0,79061,0.93,6,15569,65.6
42,52.1,403850,더핑크퐁컴퍼니,코스닥,11900,-59.6,25.3,7.99,-0.55,83.0,11355,4.8,13,56546,79.3
43,51.5,136490,선진,코스피,10340,-39.1,23.5,8.81,2.56,94.7,9663,7.0,29,57083,68.0
44,51.4,035810,이지홀딩스,코스닥,4465,-59.3,18.0,-4.74,-10.07,93.8,4382,1.89,6,186595,90.4
45,51.3,004000,롯데정밀화학,코스피,48550,-42.4,17.4,0.91,-4.83,97.8,46652,4.07,29,36645,54.4
46,51.3,475960,토모큐브,코스닥,37000,-59.9,36.0,-3.13,-8.9,89.9,36517,1.32,7,31761,68.2
47,51.1,023590,다우기술,코스피,38400,-48.2,18.9,2.43,-2.37,83.0,37332,2.86,7,33924,59.7
48,50.8,237880,클리오,코스닥,11190,-37.1,27.2,4.46,-0.06,95.2,10641,5.15,29,35808,43.2
49,50.5,200130,콜마비앤에이치,코스닥 GL,8840,-48.8,16.3,-3.17,-9.97,97.6,8816,0.27,6,51727,89.7
50,50.3,018290,브이티,코스닥,13580,-52.4,32.0,8.31,-1.75,86.4,12182,11.48,6,210258,115.7
51,50.3,140070,서플러스글로벌,코스닥,1766,-55.6,45.6,-4.17,-12.88,97.9,1715,2.92,6,269245,156.2
52,50.1,213420,덕산네오룩스,코스닥,33500,-57.2,36.7,-2.6,-10.38,85.7,32957,1.65,7,163370,108.3
53,50.0,060370,LS마린솔루션,코스닥,30750,-56.5,37.0,3.55,-1.32,86.2,28765,6.9,29,92928,62.3
54,49.5,031210,서울보증보험,코스피,44400,-38.8,12.0,2.58,-2.42,97.3,42901,3.49,29,25168,85.8
55,49.5,006730,서부T&D,코스닥 GL,11130,-52.8,25.8,0.13,-6.58,87.5,10396,7.05,32,321386,68.5
56,49.1,326030,SK바이오팜,코스피,85400,-39.1,17.0,-3.72,-9.61,93.2,84521,1.04,6,136799,106.3
57,49.0,037270,YG PLUS,코스피,3495,-66.4,28.7,-5.25,-12.9,95.7,3464,0.89,6,213953,77.9
58,48.9,095660,네오위즈,코스닥,19280,-44.2,19.8,6.31,-0.86,86.8,18561,3.87,28,51874,74.4
59,48.8,108670,LX하우시스,코스피,34450,-33.3,20.0,5.45,1.02,94.0,32870,4.81,29,18126,58.9
60,48.7,257720,실리콘투,코스닥,39300,-40.9,31.7,5.39,0.85,86.0,36410,7.94,29,700629,126.0
61,48.4,217820,원익피앤이,코스닥,2040,-65.5,34.7,-4.53,-13.25,94.6,2015,1.19,6,154378,44.5
62,48.1,035720,카카오,코스피,39900,-50.0,23.7,7.23,-0.36,89.1,37346,6.84,29,3984335,178.6
63,48.1,032190,다우데이타,코스닥,18990,-49.3,19.1,1.46,-3.09,81.3,18700,1.55,7,83896,84.4
64,47.8,001680,대상,코스피,18550,-34.2,16.8,4.93,-0.4,94.9,17900,3.63,29,105049,146.9
65,47.7,214150,클래시스,코스닥 GL,45900,-49.0,24.6,-4.66,-9.38,85.0,45263,1.41,6,176941,81.0
66,47.7,389650,넥스트바이오메디컬,코스닥,40050,-64.2,32.8,-2.01,-9.01,86.5,39478,1.45,7,12671,33.1
67,47.5,097950,CJ제일제당,코스피,204500,-31.5,18.5,6.51,-1.44,92.8,194460,5.16,29,28982,56.3
68,47.5,300720,한일시멘트,코스피,14830,-34.1,16.7,1.97,-3.97,96.3,14139,4.89,29,40869,46.2
69,47.3,054920,한컴위드,코스닥,3985,-68.9,42.6,8.45,-3.4,85.0,3755,6.12,13,208246,61.8
70,47.0,009270,신원,코스피,1065,-44.0,18.6,-5.15,-9.95,87.9,1052,1.21,6,351239,79.1
71,46.7,078160,메디포스트,코스닥,9850,-75.1,35.9,-4.42,-13.89,90.0,9529,3.36,6,56890,66.6
72,46.5,278470,에이피알,코스피,384500,-35.2,25.4,-5.44,-10.74,90.2,378865,1.49,7,283369,102.0
73,46.5,069260,TKG휴켐스,코스피,16450,-33.3,15.0,-3.02,-10.97,99.1,15708,4.72,7,135484,184.7
74,46.5,200880,서연이화,코스피,11990,-45.3,27.7,3.43,-5.85,77.2,11544,3.86,6,49704,81.9
75,46.4,099190,아이센스,코스닥,18400,-49.3,31.4,16.52,6.98,86.5,17273,6.52,17,36038,49.2
76,46.0,047810,한국항공우주,코스피,154200,-49.0,40.2,-3.53,-7.9,80.5,146792,5.05,6,518986,104.7
77,46.0,003230,삼양식품,코스피,1306000,-31.9,29.2,11.18,5.88,94.5,1215300,7.46,31,63278,104.0
78,45.7,012630,HDC,코스피,22650,-43.6,30.9,4.39,-1.9,77.5,20869,8.53,7,72687,92.5
79,45.7,004690,삼천리,코스피,120100,-33.5,11.6,2.74,-2.73,92.1,117592,2.13,29,7921,81.7
80,45.6,211050,인카금융서비스,코스닥,10530,-48.2,30.0,5.68,0.33,90.0,10048,4.79,43,129025,105.0
81,45.5,025820,이구산업,코스피,4370,-53.9,32.2,0.25,-9.65,78.6,4315,1.26,7,229632,96.5
82,45.4,069620,대웅제약,코스피,129000,-47.1,22.9,-0.12,-2.89,83.0,124850,3.32,29,19709,51.5
83,45.4,127120,제이에스링크,코스닥,39150,-47.1,48.3,-0.11,-8.1,85.9,35449,10.44,3,120191,82.1
84,45.1,161890,한국콜마,코스피,106700,-30.3,22.8,4.67,2.99,83.9,104671,1.94,5,174886,56.3
85,44.8,334970,프레스티지바이오로직스,코스닥,1986,-45.4,20.4,0.84,-6.24,97.0,1889,5.09,43,156091,61.1
86,44.7,078520,에이블씨엔씨,코스피,11930,-47.3,34.8,8.44,0.23,86.3,10718,11.31,29,191386,142.9
87,44.5,263860,지니언스,코스닥,14900,-46.9,35.5,15.69,3.61,84.8,13534,10.09,7,25251,70.7
88,44.3,009420,한올바이오파마,코스피,54100,-47.7,41.8,-3.05,-9.01,85.1,54093,0.01,6,264381,73.8
89,44.3,151860,KG에코솔루션,코스닥,5830,-37.6,22.9,3.39,-2.68,93.6,5419,7.58,43,125572,125.7
90,44.3,095570,AJ네트웍스,코스피,4430,-30.6,15.8,0.55,-4.18,89.0,4274,3.64,29,160736,82.3
91,44.2,079810,APS이노베이션,코스닥,3360,-73.1,48.0,-4.05,-15.29,91.6,3309,1.54,7,112367,113.1
92,44.1,112610,씨에스윈드,코스피,43850,-56.5,27.1,-4.29,-9.86,84.2,42350,3.54,6,995974,204.3
93,44.1,020710,시공테크,코스닥,3750,-47.4,19.0,-0.8,-8.24,77.4,3639,3.03,7,88030,64.4
94,43.8,036620,감성코퍼레이션,코스닥,4485,-54.0,26.7,-0.35,-6.46,79.7,4386,2.25,29,331149,83.5
95,43.6,042500,링네트,코스닥,4370,-48.6,15.0,8.53,1.56,80.9,4215,3.67,30,99733,61.3
96,43.3,267270,HD건설기계,코스피,138100,-51.8,31.8,2.21,-3.56,77.9,133715,3.28,29,226311,73.2
97,43.3,073490,LIG아큐버,코스닥,31250,-64.0,38.9,2.08,-6.11,79.9,30638,2.0,21,53391,60.6
98,43.3,446540,메가터치,코스닥,6700,-57.2,42.6,-0.83,-3.96,79.7,6678,0.32,7,203452,78.6
99,43.1,041510,에스엠,코스닥 GL,75600,-48.6,18.3,-2.32,-6.92,79.6,74905,0.93,7,78825,76.1
100,43.1,011760,현대코퍼레이션,코스피,27200,-37.6,32.7,17.09,5.98,97.6,24950,9.02,29,35258,117.3
101,42.9,228760,지노믹트리,코스닥,12700,-57.1,26.9,4.65,-1.5,77.5,11936,6.4,29,47391,42.2
102,42.7,353810,이지바이오,코스닥,6300,-34.7,12.7,-4.55,-8.32,85.5,6252,0.75,7,86485,93.2
103,42.4,344820,KCC글라스,코스피,24950,-33.2,18.8,5.47,-4.91,98.7,22895,8.97,29,31098,214.4
104,42.4,053270,구영테크,코스닥,1970,-37.7,19.2,-0.46,-7.64,91.4,1893,4.06,6,211226,254.0
105,42.2,007980,TP,코스피,1806,-32.0,18.8,-1.85,-10.47,95.0,1723,4.76,7,392685,239.8
106,42.1,001250,GS글로벌,코스피,2900,-60.4,28.6,-1.88,-8.85,75.9,2805,3.39,6,1200249,155.4
107,42.0,028050,삼성E&A,코스피,48100,-43.1,25.6,3.32,-1.89,74.4,46669,3.07,17,1781140,75.3
108,41.9,027410,BGF,코스피,4120,-33.3,14.0,-0.7,-6.67,89.1,4038,2.03,29,176964,176.6
109,41.9,003520,영진약품,코스피,1227,-53.4,13.5,-5.38,-9.88,86.7,1218,0.66,29,305711,120.2
110,41.9,321550,티움바이오,코스닥,4695,-75.1,37.5,-5.23,-15.94,96.7,4637,1.25,28,71371,44.8
111,41.4,086280,현대글로비스,코스피,207500,-41.5,20.3,3.68,-0.81,77.0,201855,2.8,29,147275,76.4
112,41.4,051600,한전KPS,코스피,47250,-39.9,13.9,-1.61,-6.93,79.9,47107,0.3,7,58585,54.0
113,41.1,036460,한국가스공사,코스피,35750,-31.8,14.8,8.52,2.95,85.3,34430,3.83,29,268837,176.8
114,41.1,294870,IPARK현대산업개발,코스피,22650,-32.5,34.0,16.75,8.66,98.2,20749,9.16,17,117386,47.1
115,40.6,185750,종근당,코스피,70500,-35.8,11.9,-6.29,-11.96,100.0,70026,0.68,29,25255,109.2
116,40.5,322510,제이엘케이,코스닥,5450,-59.1,44.8,9.15,5.27,84.1,5137,6.08,43,110912,78.4
117,40.4,207940,삼성바이오로직스,코스피,1556000,-30.9,26.7,12.23,10.24,91.9,1504500,3.42,43,51786,75.7
118,40.4,000070,삼양홀딩스,코스피,59600,-31.8,15.7,8.88,4.25,94.5,57760,3.19,29,18033,212.5
119,40.3,086450,동국제약,코스닥 GL,19300,-47.3,17.3,-4.29,-8.9,87.1,18730,3.04,43,167939,69.9
120,40.2,200670,휴메딕스,코스닥,26650,-55.1,26.6,-1.81,-9.49,73.7,26362,1.09,6,27681,92.5
121,40.1,028670,팬오션,코스피,6040,-33.3,37.3,15.04,6.89,98.3,5399,11.87,29,4362987,144.9
122,39.7,000640,동아쏘시오홀딩스,코스피,89000,-37.4,19.5,12.45,7.25,81.2,87450,1.77,29,8845,44.8
123,39.5,115180,큐리언트,코스닥,22900,-77.2,59.8,-0.28,-12.79,87.7,21980,4.18,7,144447,106.4
124,39.4,012750,에스원,코스피,76600,-35.1,14.7,2.64,-0.82,98.5,73055,4.85,49,32524,51.4
125,39.4,459510,나우로보틱스,코스닥,16930,-71.1,58.2,5.34,-5.2,81.0,16165,4.73,13,107103,58.4
126,39.4,001130,대한제분,코스피,11600,-36.0,10.5,0.55,-6.07,75.2,11300,2.65,17,26817,99.5
127,39.0,265740,엔에프씨,코스닥,6350,-55.2,44.0,17.28,8.27,89.5,5790,9.66,29,222765,199.0
128,39.0,013570,디와이,코스피,4135,-35.9,14.4,8.18,1.17,83.5,4037,2.43,43,117541,120.5
129,38.9,005950,이수화학,코스피,14300,-42.9,39.2,2.37,-0.25,73.3,13284,7.64,29,600055,103.4
130,38.8,060720,KH바텍,코스닥,10600,-57.5,28.5,-0.32,-6.6,74.4,10596,0.03,6,117622,22.7
131,38.3,260970,에스앤디,코스닥,58300,-43.4,38.5,8.96,0.8,90.2,50475,15.5,31,39181,149.6
132,38.2,139130,iM금융지주,코스피,17870,-31.5,18.7,-1.85,-3.29,74.7,17596,1.55,7,411167,73.8
133,38.1,018260,삼성에스디에스,코스피,221500,-53.2,21.7,8.0,3.16,72.4,218476,1.38,29,353650,108.2
134,37.9,004370,농심,코스피,405000,-30.6,27.0,20.74,13.22,97.8,382400,5.91,29,36408,152.7
135,37.9,117730,티로보틱스,코스닥,14460,-62.1,47.6,1.49,-8.07,71.7,14208,1.77,14,117351,86.2
136,37.8,396300,세아메카닉스,코스닥,4055,-63.9,53.0,8.37,1.24,77.6,3990,1.62,13,500061,21.1
137,37.7,293780,압타바이오,코스닥,5570,-56.0,43.9,13.93,1.97,80.0,4981,11.81,29,61586,62.7
138,37.4,282720,금양그린파워,코스닥,7830,-69.3,26.3,-1.6,-9.4,71.5,7705,1.62,13,51301,64.2
139,37.3,068270,셀트리온,코스피,199300,-33.7,25.7,18.77,10.95,100.0,186540,6.84,43,776632,105.1
140,37.3,005300,롯데칠성,코스피,102600,-37.3,9.3,-0.03,-3.84,77.7,102038,0.55,29,16895,79.8
141,37.3,002900,TYM,코스피,6400,-45.7,19.0,-2.17,-6.58,71.3,6350,0.79,7,144337,65.3
142,37.2,079160,CJ CGV,코스피,5560,-32.7,34.0,24.06,18.73,98.6,5166,7.62,15,806946,131.2
143,37.0,007340,DN오토모티브,코스피,47600,-40.6,47.8,15.5,5.3,88.4,41485,14.74,20,187654,93.7
144,36.9,001530,DI동일,코스피,24600,-40.9,23.0,6.32,3.17,81.7,23870,3.06,29,15487,61.5
145,36.9,034310,NICE,코스피,12960,-30.9,21.6,18.79,16.08,89.4,12766,1.52,29,32918,60.7
146,36.8,006120,SK디스커버리,코스피,53300,-37.3,24.7,5.54,3.54,76.2,51703,3.09,43,26931,63.0
147,36.5,252990,샘씨엔에스,코스닥,14320,-47.3,60.4,0.34,-3.28,77.7,13084,9.44,6,717555,80.9
148,36.4,044490,태웅,코스닥,31000,-67.4,55.2,-3.45,-9.97,89.8,30283,2.37,7,340167,254.4
149,36.4,028100,동아지질,코스피,17930,-31.4,35.8,19.76,11.23,93.3,17258,3.89,42,26180,85.9
150,36.2,006360,GS건설,코스피,31650,-53.4,51.4,2.51,-2.44,72.4,28364,11.58,7,2307973,70.2
151,36.0,181710,NHN,코스피,41800,-51.5,32.7,8.46,1.64,68.3,39295,6.37,29,67121,56.5
152,35.8,093520,매커스,코스닥,23650,-52.7,47.8,19.29,8.82,94.6,20897,13.17,29,16077,45.7
153,35.8,059120,아진엑스텍,코스닥,6740,-71.1,60.9,6.7,-0.47,75.9,6311,6.8,13,1917112,114.3
154,35.7,270660,에브리봇,코스닥,14990,-65.4,58.3,10.36,3.43,79.3,13508,10.97,13,99691,35.3
155,35.5,455900,엔젤로보틱스,코스닥,22100,-59.5,48.7,7.78,-1.03,68.7,21064,4.92,13,114419,64.0
156,35.3,189330,씨이랩,코스닥,11700,-50.6,47.9,7.83,3.57,82.6,10011,16.86,6,1238345,149.4
157,35.3,008700,아남전자,코스피,1206,-47.2,17.8,4.25,-1.32,67.9,1205,0.01,12,521188,59.5
158,35.2,007160,사조산업,코스피,52700,-41.1,34.6,18.14,10.14,82.1,49045,7.45,29,13594,239.4
159,34.9,067770,세진티에스,코스닥,2300,-43.9,70.0,11.65,4.41,91.8,1988,15.68,13,188221,140.9
160,34.8,219130,타이거일렉,코스닥,72400,-41.1,43.1,3.04,0.65,65.7,69609,4.01,7,45363,65.2
161,34.5,466100,클로봇,코스닥,31800,-71.6,58.6,-0.97,-12.0,80.5,30259,5.09,6,852306,229.6
162,34.4,041960,코미팜,코스닥,8320,-40.6,29.8,1.25,-8.53,87.2,7605,9.4,6,537138,331.9
163,34.3,194370,제이에스코퍼레이션,코스피,13570,-39.5,39.5,20.28,11.96,80.4,12704,6.82,43,62869,58.1
164,34.3,046440,KG파이낸셜,코스닥,4190,-37.2,15.1,1.79,-8.12,65.1,4039,3.74,7,134341,91.5
165,34.3,214270,FSN,코스닥,1416,-56.9,18.2,-1.78,-7.2,81.6,1357,4.33,6,309845,317.8
166,33.8,024720,콜마홀딩스,코스피,9730,-33.5,35.1,20.39,12.18,93.2,9070,7.28,29,34841,67.5
167,33.5,005090,SGC에너지,코스피,54000,-51.1,56.1,6.86,-0.11,90.2,45753,18.02,17,281165,173.8
168,33.5,174900,앱클론,코스닥,28000,-83.0,72.3,-3.77,-17.89,94.8,27192,2.97,7,149962,103.7
169,33.4,330350,위더스제약,코스닥,6980,-50.5,18.1,1.82,-5.18,63.3,6758,3.28,6,67116,30.0
170,33.2,377480,마음AI,코스닥,11140,-64.0,44.1,4.67,-2.66,65.1,10988,1.38,13,191760,59.7
171,32.9,196170,알테오젠,코스닥 GL,305000,-39.6,56.7,9.97,-2.16,97.3,256424,18.94,17,495569,80.6
172,32.8,090360,로보스타,코스닥,87100,-70.8,73.9,-1.92,-11.78,97.6,85986,1.29,7,342416,199.6
173,32.7,042040,케이피엠테크,코스닥,5590,-79.6,62.7,-11.33,-20.85,100.0,5115,9.28,24,113392,101.1
174,32.5,103140,풍산,코스피,83600,-65.3,51.4,13.35,-0.91,91.6,69940,19.53,7,167069,107.2
175,32.3,300080,플리토,코스닥,8040,-63.4,45.9,5.96,1.48,65.8,7774,3.42,29,53950,53.7
176,32.3,094970,제이엠티,코스닥,3100,-47.0,36.9,10.48,-1.76,62.8,2798,10.77,7,131162,67.3
177,32.2,061090,세나테크놀로지,코스닥,43700,-50.4,61.9,7.27,4.92,66.0,42112,3.77,29,22666,41.6
178,32.1,092460,한라IMS,코스닥,17410,-39.1,30.0,8.39,2.83,64.3,16898,3.03,29,18269,33.0
179,32.1,038680,에스넷,코스닥,3820,-54.9,34.7,15.15,7.3,68.5,3566,7.11,29,111441,41.0
180,32.0,294630,서남,코스닥,2885,-67.8,25.4,-0.95,-7.59,62.1,2830,1.92,20,299834,93.5
181,31.9,348350,위드텍,코스닥,8980,-47.1,34.0,0.49,-0.06,63.5,8940,0.45,29,40374,63.0
182,31.8,333430,일승,코스닥,4000,-56.7,40.4,10.8,3.42,62.8,3902,2.51,17,462186,17.2
183,31.6,472850,폰드그룹,코스닥,5260,-50.9,47.8,26.39,10.58,86.3,4605,14.22,17,57038,69.5
184,31.6,024840,KBI메탈,코스닥,4810,-73.1,52.0,0.15,-4.59,64.9,4551,5.67,6,5596484,124.4
185,31.3,000240,한국앤컴퍼니,코스피,25850,-39.4,17.0,5.86,2.48,69.6,25185,2.64,54,80816,89.8
186,31.3,194480,데브시스터즈,코스닥,21350,-70.5,63.0,17.24,8.89,86.3,18448,15.73,29,152550,129.2
187,31.2,099440,스맥,코스닥,4030,-65.7,66.9,25.03,16.73,96.2,3748,7.51,17,258697,31.3
188,30.9,058610,에스피지,코스닥,101700,-60.6,66.7,14.64,4.87,71.0,93270,9.04,13,481292,59.6
189,30.8,253840,수젠텍,코스닥,4480,-56.8,26.9,0.95,-10.46,81.2,4349,3.0,24,398550,368.2
190,30.7,476060,온코닉테라퓨틱스,코스닥,14050,-69.6,59.8,-1.24,-12.49,64.7,13921,0.93,7,901974,112.4
191,30.7,214180,헥토이노베이션,코스닥,14460,-51.5,18.4,-0.23,-6.88,74.3,14389,0.49,6,176205,332.7
192,30.7,013990,아가방컴퍼니,코스닥,4835,-45.1,55.2,29.3,19.27,92.0,4488,7.72,29,90167,29.5
193,30.6,129920,대성하이텍,코스닥,6100,-77.8,78.6,6.52,-8.04,90.3,5319,14.67,7,99359,62.0
194,30.3,100030,인지소프트,코스닥,19650,-34.3,28.4,11.63,0.93,94.1,17615,11.55,29,16522,360.0
195,29.8,067290,JW신약,코스닥,2180,-61.9,65.2,8.29,3.49,66.4,1953,11.6,17,7860424,51.1
196,29.6,460930,현대힘스,코스닥,14450,-54.8,39.2,6.64,2.18,56.2,13891,4.02,17,574313,41.1
197,29.6,051360,토비스,코스닥,12460,-37.0,51.8,28.6,7.43,95.1,10748,15.93,9,90703,99.6
198,29.4,180640,한진칼,코스피,118900,-42.6,17.8,2.17,-3.12,57.0,118770,0.11,13,90970,61.9
199,29.3,010060,OCI홀딩스,코스피,272500,-60.6,67.1,2.66,-5.64,87.2,243313,12.0,7,1122836,332.7
200,28.8,402030,코난테크놀로지,코스닥,15050,-57.6,50.3,14.04,4.37,58.5,14375,4.7,17,45879,43.9
201,28.8,340810,시선AI,코스닥,3330,-46.4,58.2,29.31,18.39,79.5,3043,9.41,29,429551,95.5
202,28.5,108860,셀바스AI,코스닥,10680,-65.3,75.1,17.47,5.53,78.7,9351,14.21,13,1753791,124.8
203,28.4,078340,컴투스,코스닥 GL,33650,-39.7,49.9,31.8,18.12,99.0,29600,13.68,28,92955,169.8
204,28.3,159010,아스플로,코스닥,19220,-60.4,102.3,0.15,-8.42,87.6,17383,10.57,7,279329,153.5
205,28.1,419050,삼기에너지솔루션즈,코스닥,1540,-64.9,78.0,-2.08,-8.73,74.6,1450,6.14,6,12276354,317.6
206,27.8,001390,KG케미칼,코스피,4805,-51.8,34.6,1.79,-8.68,100.0,4312,11.43,7,841308,436.2
207,27.3,332570,PS일렉트로닉스,코스닥,7950,-69.3,72.8,11.52,5.64,62.6,7647,3.96,24,2320923,56.4
208,27.3,460940,피앤에스로보틱스,코스닥,5160,-68.0,43.1,-0.38,-9.45,53.5,5124,0.69,6,400324,166.9
209,27.1,037950,엘컴텍,코스닥,3070,-49.6,28.5,-1.09,-6.71,55.8,2867,7.06,41,117551,209.1
210,27.0,304100,솔트룩스,코스닥,16960,-66.2,70.3,15.5,0.7,70.2,14539,16.65,13,364763,133.1
211,26.5,900290,GRT,코스닥,3895,-71.7,83.7,21.61,8.9,95.4,3372,15.51,13,276784,36.4
212,26.2,306200,세아제강,코스피,132000,-40.7,17.9,-0.79,-4.24,51.1,131407,0.45,29,4550,54.9
213,26.2,194700,노바렉스,코스닥,16270,-40.4,48.0,14.36,3.36,87.5,14043,15.86,29,442408,393.4
214,26.2,154040,다산솔루에타,코스닥,1003,-47.9,54.1,25.09,5.9,93.9,848,18.21,31,369740,297.0
215,26.1,002630,오리엔트바이오,코스피,1065,-54.4,43.0,9.56,3.51,68.6,952,11.81,42,1988057,356.5
216,25.9,069540,빛과전자,코스닥,3005,-79.7,82.9,-2.05,-11.38,75.6,2906,3.39,20,42992223,263.2
217,25.8,137950,제이씨케미칼,코스닥,3105,-63.0,29.4,-2.37,-7.15,52.8,2912,6.62,28,434314,260.3
218,25.6,298000,효성화학,코스피,71100,-54.2,77.5,5.64,1.39,58.3,64719,9.86,24,88390,92.8
219,25.2,215480,토박스코리아,코스닥,2090,-38.9,39.3,-4.54,-7.95,75.1,2019,3.47,25,221051,440.1
220,25.1,208710,포톤,코스닥,2715,-70.4,61.8,14.38,2.67,63.1,2357,15.15,17,1124853,283.8
221,24.6,441270,파인엠텍,코스닥,8700,-57.0,62.9,12.16,0.99,92.6,7256,19.9,29,889829,379.8
222,24.4,459550,알트,코스닥,1660,-78.9,67.3,13.1,0.49,54.6,1492,11.22,13,1026583,16.7
223,23.8,273060,와이즈버즈,코스닥,1038,-56.6,70.7,1.35,-14.68,100.0,947,9.51,6,525432,497.1
224,23.1,078590,휴림에이텍,코스닥,3560,-83.9,87.4,9.92,1.81,67.2,3020,17.88,14,146577,23.1
225,22.8,011780,금호석유화학,코스피,129600,-34.1,21.2,0.53,-4.69,70.7,121694,6.5,6,398495,504.0
226,22.8,484810,티엑스알로보틱스,코스닥,15780,-65.3,109.3,18.57,11.62,74.0,14850,6.26,13,339361,53.6
227,22.8,255440,야스,코스닥,8000,-72.9,119.2,-6.52,-19.6,91.6,7436,7.58,7,873074,104.0
228,22.5,280360,롯데웰푸드,코스피,116900,-34.0,29.9,6.63,-0.3,83.4,104270,12.11,29,105777,525.8
229,22.5,054220,비츠로시스,코스닥,1589,-75.6,30.2,-12.83,-20.47,99.7,1541,3.08,7,301705,522.1
230,21.9,327260,RF머트리얼즈,코스닥,34850,-74.1,111.9,4.8,-7.55,82.3,29152,19.54,6,342308,86.1
231,21.0,027040,서울전자통신,코스닥,2225,-76.5,48.3,-2.52,-12.21,72.5,2003,11.08,13,687136,539.7
232,20.9,009830,한화솔루션,코스피,33900,-60.7,54.1,-7.8,-17.34,71.9,32802,3.35,6,20050044,542.5
233,20.7,043340,에쎈테크,코스닥,1000,-57.2,37.6,17.72,4.55,95.6,863,15.79,29,614504,566.0
234,20.3,039980,폴라리스AI,코스닥,6470,-69.8,72.1,7.29,-4.15,81.1,5473,18.21,13,9336189,517.0
235,18.6,489460,바이오비쥬,코스닥,10750,-62.3,105.5,51.78,44.56,89.9,10163,5.78,29,59837,25.9
236,17.0,114190,강원에너지,코스닥,9380,-63.3,55.3,-8.06,-14.87,95.4,9005,4.16,7,689619,740.2
237,16.2,264850,이랜시스,코스닥,6550,-63.0,85.8,14.58,4.01,88.3,5325,22.99,17,13738433,658.4
238,14.7,011330,유니켐,코스피,5910,-77.1,93.1,10.09,-7.26,100.0,4005,47.55,25,64568,135.7
239,14.6,0015N0,아로마티카,코스닥,8560,-72.5,90.2,20.97,0.64,87.3,6015,42.3,7,1999229,449.5
240,14.4,138080,오이솔루션,코스닥,26550,-77.1,100.2,-6.13,-19.45,93.3,25440,4.36,6,1658625,806.7
241,14.0,318020,포인트모바일,코스닥,2495,-56.5,38.6,1.11,-13.95,72.0,2208,12.98,7,238237,904.5
242,13.7,001290,상상인증권,코스피,1203,-67.1,104.9,7.0,-13.2,100.0,828,45.26,7,1380395,455.0
243,13.6,017900,광전자,코스피,7810,-81.2,85.3,-3.58,-13.19,82.5,7433,5.06,7,22041484,899.0
244,13.1,234300,에스트래픽,코스닥,3065,-35.7,22.1,-7.38,-13.3,98.2,2870,6.77,6,611091,995.2
245,12.3,463020,뉴엔AI,코스닥,11850,-68.8,117.4,16.94,3.47,73.6,9151,29.49,13,8556195,840.1
246,8.8,025900,동화기업,코스닥,8060,-65.3,79.1,-1.67,-16.69,100.0,6816,18.24,6,1338415,1480.0
247,6.7,089600,KT나스미디어,코스닥,11530,-35.9,27.5,14.05,2.67,91.7,10339,11.52,31,198320,2002.8
248,4.9,139990,아주스틸,코스피,2360,-57.0,20.7,1.15,-9.57,58.8,2223,6.15,17,1138269,2754.1
249,4.4,261200,덴티스,코스닥,2905,-56.3,36.7,2.75,-8.3,52.7,2609,11.31,31,945472,3036.0
250,3.6,348080,큐라티스,코스닥,3705,-86.1,109.9,-1.68,-34.85,59.8,3172,16.8,7,1564768,3691.6
251,2.8,053260,금강철강,코스닥,5320,-50.2,31.4,-2.08,-8.6,64.1,5008,6.22,6,2591005,4912.6
252,2.4,003010,혜인,코스피,5910,-55.3,50.6,7.65,-7.88,100.0,4632,27.57,7,3568342,5700.9
253,1.8,148780,비큐AI,코스닥,4450,-79.4,139.0,31.85,-0.45,52.4,3017,47.47,20,7607975,7325.8
254,1.1,162300,신스틸,코스닥,1852,-43.4,38.7,-7.58,-18.3,100.0,1622,14.14,13,5043305,12214.8
