등급,코드,종목명,시장,현재가,등락%,G적선,G청선,T,B,U,U시그널,그물망,능선상승일,200일선위,주봉충족,주봉G적,주봉G청,주봉T,주봉B,거래량,거래량비%
홈런,051160,지어소프트,코스닥,11220,2.47,72.4,0.0,56.9,86.0,79.0,74.6,적색,16,O,O,70.3,0.0,12.3,73.6,347911,208.8
홈런,236200,슈프리마,코스닥,62700,4.15,58.7,0.0,32.8,74.5,71.5,54.8,적색,25,O,O,58.7,0.0,14.7,67.6,53702,170.9
홈런,078930,GS,코스피,98900,0.1,58.2,0.0,23.9,64.0,61.4,54.6,적색,17,O,O,58.2,0.0,26.0,67.5,370060,67.5
홈런,051900,LG생활건강,코스피,333500,2.93,55.1,0.0,40.8,77.4,64.0,52.2,적색,12,O,O,55.1,0.0,5.9,68.2,183762,183.5
홈런,241710,코스메카코리아,코스닥 GL,95900,0.0,50.1,0.0,14.5,62.8,59.9,48.0,적색,29,O,O,48.2,0.0,6.5,60.1,112035,116.7
홈런,204610,티쓰리,코스닥,3440,3.46,49.9,0.0,27.5,72.0,64.6,54.4,적색,29,O,O,40.7,0.0,18.5,64.7,201988,123.6
홈런,089860,롯데렌탈,코스피,40400,0.75,48.0,0.0,34.4,68.0,69.7,59.4,적색,27,O,O,48.0,0.0,20.8,67.0,98533,93.2
홈런,420570,제이투케이바이오,코스닥,10330,0.78,46.7,0.0,30.5,70.0,79.8,72.5,적색,20,O,O,45.3,1.3,5.7,61.0,39341,120.0
홈런,033560,블루콤,코스닥,5250,-3.49,44.8,3.6,32.7,65.5,69.9,64.3,적색,46,O,O,59.1,0.0,42.7,79.5,59921,65.8
홈런,013700,까뮤이앤씨,코스피,1580,4.71,42.6,0.0,19.0,64.1,54.1,52.8,적색,18,O,O,42.6,0.0,12.5,63.1,688478,125.3
홈런,044820,코스맥스비티아이,코스피,23100,0.87,40.3,0.0,25.6,69.4,62.5,58.1,적색,27,O,O,40.3,0.0,20.3,67.3,29926,95.8
강력,008930,한미사이언스,코스피,44650,1.94,71.1,0.0,40.2,77.3,72.1,63.5,적색,26,O,X,71.1,0.0,-2.5,62.1,274791,119.8
강력,377450,리파인,코스닥,13910,2.96,61.6,0.0,36.6,72.1,74.8,64.0,적색,25,O,X,61.6,0.0,-2.4,60.9,138939,274.9
강력,053350,이니텍,코스닥,3770,4.29,60.1,3.1,22.0,60.7,61.1,52.9,적색,28,X,X,53.6,0.4,-17.2,47.8,104853,78.9
강력,099440,스맥,코스닥,4030,0.75,59.0,0.0,25.0,64.6,61.0,59.1,적색,16,X,X,55.3,0.0,-18.0,49.5,258697,31.3
강력,013990,아가방컴퍼니,코스닥,4835,-1.33,49.2,1.3,29.3,66.3,69.6,63.7,적색,14,O,X,49.2,3.8,-10.9,54.7,90167,29.5
강력,078340,컴투스,코스닥 GL,33650,2.59,48.2,0.0,31.8,71.3,69.6,60.8,적색,11,O,X,48.2,0.0,-13.3,55.7,92955,169.8
강력,090430,아모레퍼시픽,코스피,141800,2.9,46.2,0.0,20.6,65.1,68.2,59.0,적색,27,O,X,46.2,0.0,-1.1,57.0,435171,115.4
강력,008490,서흥,코스피,23650,3.5,46.0,0.0,19.6,65.2,53.4,45.0,적색,25,O,X,46.0,1.1,0.1,57.2,27004,77.0
강력,192820,코스맥스,코스피,205500,1.73,41.8,0.0,21.2,65.4,56.4,50.0,적색,12,O,X,41.8,0.0,-2.3,56.0,66738,72.8
강력,154040,다산솔루에타,코스닥,1003,-0.2,41.5,0.2,25.1,70.9,73.4,61.4,적색,5,X,X,37.4,1.8,-26.0,51.1,369740,297.0
강력,194700,노바렉스,코스닥,16270,5.24,40.3,0.0,14.4,64.7,65.5,54.2,적색,6,O,X,40.3,6.1,-3.0,56.4,442408,393.4
강력,265740,엔에프씨,코스닥,6350,-0.16,38.6,0.2,17.3,62.6,63.8,58.5,적색,9,O,X,38.6,0.0,-4.1,53.2,222765,199.0
강력,244920,에이플러스에셋,코스피,13180,2.65,34.9,0.0,22.3,66.1,59.5,50.0,적색,20,O,O,39.8,0.0,14.0,64.0,49521,76.9
강력,002790,아모레퍼시픽홀딩스,코스피,27250,2.06,33.3,0.0,17.9,63.6,69.4,56.6,적색,7,O,X,33.3,0.0,-5.9,52.6,78317,64.9
강력,024720,콜마홀딩스,코스피,9730,0.31,32.9,0.0,20.4,64.6,73.2,54.6,적색,17,O,X,32.9,0.0,-10.0,52.9,34841,67.5
강력,111770,영원무역,코스피,93400,-1.68,32.7,1.7,21.6,62.4,61.2,51.0,적색,26,O,O,32.7,0.0,9.2,59.5,51305,70.1
강력,282330,BGF리테일,코스피,153100,14.68,32.4,0.0,14.1,69.2,67.3,50.1,적색,2,O,O,33.5,0.0,8.9,64.8,218092,327.8
강력,007070,GS리테일,코스피,28350,7.18,32.2,0.0,9.4,64.1,51.1,40.9,적색,2,O,O,32.2,0.0,15.4,61.4,596701,302.6
강력,028670,팬오션,코스피,6040,3.25,31.9,0.0,15.0,62.5,56.6,45.0,적색,4,O,O,31.9,0.0,12.8,63.0,4362987,144.9
강력,260970,에스앤디,코스닥,58300,7.17,31.9,0.0,9.0,62.9,57.7,46.3,적색,4,X,X,31.9,8.2,-16.2,48.9,39181,149.6
강력,339950,아이비김영,코스닥,3120,3.31,31.9,0.0,27.3,68.9,71.4,56.8,적색,27,O,O,31.9,0.0,21.6,65.7,212386,197.2
강력,079160,CJ CGV,코스피,5560,3.35,31.8,0.0,24.1,65.1,61.4,57.3,적색,12,O,X,29.0,0.0,-4.5,60.4,806946,131.2
강력,294870,IPARK현대산업개발,코스피,22650,-0.22,31.6,0.2,16.8,63.1,60.7,44.3,적색,7,O,X,27.9,0.0,-5.1,55.2,117386,47.1
강력,092730,네오팜,코스닥,21150,-1.63,31.0,1.7,18.5,63.0,57.0,52.0,적색,29,O,O,25.6,0.0,7.9,61.2,67564,136.3
강력,340570,티앤엘,코스닥,33100,2.8,30.0,0.3,17.3,62.2,57.0,50.5,적색,7,O,X,28.2,0.0,5.0,60.1,206022,184.5
권고,270520,앱튼,코스닥,3670,-0.68,382.9,1.6,47.6,74.5,61.5,62.3,적색,31,O,X,336.4,0.0,-11.5,53.1,238514,91.0
권고,489460,바이오비쥬,코스닥,10750,0.84,94.4,2.6,51.8,74.4,72.9,70.5,적색,14,O,X,83.1,0.0,-13.2,55.8,59837,25.9
권고,121440,골프존홀딩스,코스닥,6580,-0.15,54.6,1.5,47.7,68.6,48.9,50.4,적색,29,O,O,54.6,1.4,25.7,65.6,92993,25.1
권고,251970,펌텍코리아,코스닥 GL,49500,-0.7,52.1,0.9,18.7,60.2,57.2,59.8,적색,29,O,X,52.1,0.0,-8.3,54.7,50418,71.9
권고,340810,시선AI,코스닥,3330,3.1,52.1,0.0,29.3,68.0,42.8,41.2,적색,13,O,X,52.1,0.0,-3.6,55.8,429551,95.5
권고,293780,압타바이오,코스닥,5570,-4.95,39.3,5.2,13.9,59.1,60.2,52.2,적색,7,X,X,39.3,21.2,-24.6,45.1,61586,62.7
권고,310200,애니플러스,코스닥,2665,0.76,34.5,5.3,11.9,55.9,46.5,46.5,적색,25,X,X,33.9,2.4,-16.2,47.3,137157,48.6
권고,038680,에스넷,코스닥,3820,-5.45,32.9,5.8,15.1,58.3,53.0,44.9,적색,6,O,X,32.9,7.2,-5.1,52.2,111441,41.0
권고,078520,에이블씨엔씨,코스피,11930,3.74,29.7,0.0,8.4,60.3,60.5,49.2,적색,6,O,X,29.7,14.0,-3.7,52.6,191386,142.9
권고,009240,한샘,코스피,40850,1.49,29.5,0.0,27.5,66.1,64.8,62.2,적색,27,X,X,32.8,0.0,-10.0,52.6,34810,76.7
권고,213500,한솔제지,코스피,7820,1.82,29.5,0.0,25.7,68.0,62.0,49.9,적색,19,X,X,29.5,0.0,-17.2,51.9,133364,116.1
권고,007160,사조산업,코스피,52700,-0.75,28.5,0.8,18.1,62.5,57.0,50.3,적색,28,O,X,28.5,0.0,-8.3,53.8,13594,239.4
권고,009970,영원무역홀딩스,코스피,206500,1.72,28.3,0.0,10.9,59.1,55.2,49.9,적색,26,O,X,25.5,0.0,2.1,55.7,9842,71.0
권고,280360,롯데웰푸드,코스피,116900,12.4,27.2,0.0,6.6,63.8,59.1,48.2,적색,1,O,X,27.2,4.0,-9.6,53.1,105777,525.8
권고,000700,유수홀딩스,코스피,6530,-0.61,26.6,0.6,25.5,65.0,57.6,50.0,적색,17,O,X,26.6,0.0,0.7,57.9,60911,154.0
권고,175330,JB금융지주,코스피,28850,2.12,26.3,0.0,8.0,57.5,56.6,48.3,적색,5,O,X,26.3,0.0,1.0,55.0,282747,62.7
권고,005830,DB손해보험,코스피,165900,3.82,26.2,1.2,9.2,58.3,51.3,39.7,적색,25,O,X,26.2,1.2,4.2,55.0,154977,65.6
권고,268280,미원에스씨,코스피,123100,3.62,26.1,1.4,18.9,61.4,74.8,77.1,적색,17,X,X,28.0,0.0,-10.1,51.5,3303,107.8
권고,028100,동아지질,코스피,17930,-0.61,25.4,0.6,19.8,62.6,69.8,59.1,적색,11,O,X,27.6,0.0,0.5,55.4,26180,85.9
권고,099190,아이센스,코스닥,18400,-1.81,25.3,1.8,16.5,60.4,59.9,53.9,적색,6,O,X,25.3,7.5,-7.7,51.5,36038,49.2
주의,457600,벡트,코스닥,3330,-12.25,88.8,14.0,32.3,58.2,53.7,60.6,적색,27,O,O,108.4,2.3,17.7,64.1,419555,99.8
주의,079940,가비아,코스닥,43000,-4.44,46.3,10.6,50.4,60.6,56.8,57.2,적색,20,O,X,45.8,10.6,35.7,67.6,257328,837.7
주의,093320,케이아이엔엑스,코스닥,133600,-3.88,32.8,11.1,12.0,53.1,47.3,46.5,적색,3,O,X,32.8,7.6,14.6,57.7,13525,89.9
주의,261200,덴티스,코스닥,2905,9.62,26.0,0.0,2.8,63.4,57.4,72.1,적색,5,X,X,17.1,19.8,-49.6,36.3,945472,3036.0
주의,089600,KT나스미디어,코스닥,11530,11.94,24.8,0.0,14.0,71.0,70.5,57.6,적색,1,X,X,24.8,0.0,-24.1,50.1,198320,2002.8
주의,003230,삼양식품,코스피,1306000,5.92,24.0,0.0,11.2,60.8,56.5,50.5,적색,11,O,X,22.2,0.7,-4.2,54.6,63278,104.0
주의,054950,제이브이엠,코스닥,24800,1.02,24.0,0.0,20.6,64.7,61.8,51.6,적색,7,X,X,24.0,0.0,-13.0,53.1,21297,90.6
주의,014820,동원시스템즈,코스피,22250,4.22,23.9,0.0,10.8,61.1,59.6,48.0,적색,9,X,X,23.9,6.3,-21.1,45.2,43559,78.9
주의,006040,동원산업,코스피,37750,2.03,23.8,0.0,18.2,63.1,62.8,56.5,적색,12,X,X,22.0,0.0,-16.7,49.9,39343,79.1
주의,100030,인지소프트,코스닥,19650,3.1,23.8,0.0,11.6,63.4,68.8,62.0,적색,6,O,X,23.8,0.0,-8.8,53.5,16522,360.0
주의,004370,농심,코스피,405000,3.85,22.9,0.0,20.7,67.0,61.7,52.3,적색,14,O,X,22.9,0.0,-8.6,53.9,36408,152.7
주의,002810,삼영무역,코스피,23050,0.88,22.9,2.0,21.4,60.1,51.3,56.4,적색,18,O,O,21.8,0.0,20.4,63.4,41937,142.2
주의,086790,하나금융지주,코스피,134700,1.05,22.8,1.6,9.0,59.3,54.4,44.1,적색,2,O,O,22.8,1.6,17.7,59.9,578150,59.6
주의,316140,우리금융지주,코스피,34800,3.88,22.8,0.0,19.8,64.7,57.9,51.4,적색,10,O,O,22.8,0.0,6.6,58.8,2382227,98.1
주의,003960,사조대림,코스피,31650,2.76,22.7,0.0,20.6,65.4,75.6,60.1,적색,29,X,X,22.9,0.0,-18.5,48.2,30434,359.8
주의,009290,광동제약,코스피,6460,0.78,22.6,0.0,3.4,56.6,64.4,48.8,적색,5,X,X,22.6,17.0,-12.2,47.3,124052,71.4
주의,194370,제이에스코퍼레이션,코스피,13570,1.8,22.0,0.0,20.3,64.1,62.2,54.2,적색,14,O,X,30.5,0.0,1.8,56.7,62869,58.1
주의,000100,유한양행,코스피,80600,3.6,21.4,0.0,9.3,61.8,69.8,54.3,적색,7,X,X,21.4,9.6,-34.2,42.0,310697,112.8
주의,001800,오리온홀딩스,코스피,27750,3.16,20.4,0.0,8.8,62.2,51.0,38.7,적색,4,O,O,20.4,0.0,13.4,59.9,83277,92.9
주의,001530,DI동일,코스피,24600,1.44,20.3,0.0,6.3,55.5,47.4,44.7,적색,6,O,X,20.3,15.4,-2.4,49.8,15487,61.5
주의,136490,선진,코스피,10340,1.47,20.2,0.0,8.8,59.8,65.1,56.9,적색,6,O,X,20.2,3.7,-6.3,51.6,57083,68.0
주의,055550,신한지주,코스피,110000,2.42,20.1,0.0,6.7,60.0,63.2,49.6,적색,2,O,O,20.1,0.0,17.8,60.4,1389243,111.5
주의,068270,셀트리온,코스피,199300,2.21,20.1,0.0,18.8,64.7,63.2,47.7,적색,11,O,X,20.1,0.0,-2.3,56.4,776632,105.1
주의,034310,NICE,코스피,12960,1.89,19.9,0.0,18.8,60.1,47.4,45.0,적색,21,X,X,19.9,1.5,-9.1,50.3,32918,60.7
주의,453340,현대그린푸드,코스피,19550,0.83,19.8,0.0,20.1,65.1,49.4,40.4,적색,26,O,O,19.6,0.0,16.6,62.0,46457,97.1
주의,011200,HMM,코스피,21800,1.87,19.1,0.0,14.9,60.9,61.7,50.2,적색,14,O,X,19.1,0.0,1.3,55.7,1278741,86.6
주의,001790,대한제당,코스피,2750,0.73,19.0,5.6,8.3,57.4,50.4,43.3,적색,25,X,X,19.0,4.4,-8.4,50.7,115560,22.9
주의,038540,상상인,코스닥,2255,-0.44,18.9,0.4,14.1,68.0,49.9,62.0,청색,5,O,X,17.8,0.0,3.7,58.5,793068,453.2
주의,094800,맵스리얼티,코스피,6360,1.76,18.7,0.0,10.8,57.9,77.3,63.1,적색,0,O,X,24.7,0.0,2.1,54.2,82908,167.2
주의,095660,네오위즈,코스닥,19280,0.21,17.9,0.0,6.3,56.1,59.2,56.5,적색,7,X,X,17.9,7.6,-25.1,42.8,51874,74.4
주의,069730,DSR제강,코스피,5890,3.51,17.8,0.0,9.1,60.7,58.7,54.6,적색,4,O,O,17.1,0.0,24.6,63.6,174609,340.5
주의,207940,삼성바이오로직스,코스피,1556000,2.77,17.4,0.0,12.2,58.9,63.2,55.8,적색,12,X,X,20.2,0.0,-9.9,52.7,51786,75.7
주의,000640,동아쏘시오홀딩스,코스피,89000,0.56,17.4,0.0,12.5,57.9,61.5,53.6,적색,10,X,X,17.4,4.0,-21.7,45.2,8845,44.8
주의,344820,KCC글라스,코스피,24950,4.83,17.4,0.0,5.5,63.2,56.0,36.7,적색,4,X,X,17.4,8.2,-18.0,48.0,31098,214.4
주의,211050,인카금융서비스,코스닥,10530,-1.22,17.3,1.2,5.7,55.9,65.2,55.8,적색,5,X,X,16.7,1.2,-12.8,47.5,129025,105.0
주의,008700,아남전자,코스피,1206,-1.95,17.3,4.2,4.3,51.4,42.6,36.9,적색,9,X,X,9.6,7.0,-13.9,45.2,521188,59.5
주의,461300,아이스크림미디어,코스닥,18000,8.37,17.2,0.0,6.1,63.8,63.4,45.3,적색,4,O,X,15.2,2.9,-2.3,54.1,102957,486.2
주의,003690,코리안리,코스피,14530,-0.68,17.1,0.7,12.7,60.8,54.8,44.2,적색,6,O,O,15.0,0.0,15.3,60.9,212400,72.2
주의,108670,LX하우시스,코스피,34450,0.15,16.8,0.0,5.4,56.0,49.7,42.3,적색,5,O,X,15.2,13.1,3.8,54.6,18126,58.9
주의,018250,애경산업,코스피,11990,1.18,16.4,0.0,1.9,55.7,66.1,53.9,적색,4,X,X,16.4,18.1,-16.6,44.6,43199,119.2
주의,005430,한국공항,코스피,89800,-0.99,16.2,2.2,14.0,57.7,59.4,50.8,적색,7,O,O,19.4,1.0,21.6,61.0,3712,18.0
주의,001680,대상,코스피,18550,1.59,16.1,0.0,4.9,57.3,51.4,43.3,적색,4,X,X,16.1,7.8,-21.1,45.1,105049,146.9
주의,126560,현대퓨처넷,코스피,3285,1.08,16.1,0.0,16.4,64.3,72.1,61.1,적색,5,O,X,14.1,0.0,-11.0,54.1,105255,109.2
주의,049430,코메론,코스닥,21200,2.66,16.0,0.0,14.9,65.9,64.0,60.5,적색,6,O,O,17.9,0.0,23.0,65.6,42839,140.6
주의,007310,오뚜기,코스피,341500,2.09,15.8,0.0,9.5,61.1,63.1,48.7,적색,10,X,X,15.8,2.5,-27.3,46.6,5050,89.1
주의,317450,명인제약,코스피,46050,1.99,15.7,0.0,3.2,58.6,58.2,42.1,적색,5,X,X,,,,,22580,145.7
주의,052330,코텍,코스닥,12430,1.55,15.6,0.0,12.8,61.0,57.4,48.7,적색,23,O,O,15.6,0.0,17.6,60.5,92507,440.0
주의,026960,동서,코스피,26500,0.95,15.5,0.4,6.7,56.6,60.0,50.9,적색,2,O,X,15.5,0.0,-3.8,51.2,81714,97.3
주의,030190,NICE평가정보,코스피,15100,1.14,15.3,0.0,10.0,60.2,55.5,41.0,적색,6,X,X,15.3,0.0,-9.6,50.3,71302,96.8
주의,225570,넥슨게임즈,코스닥,9120,0.66,15.3,4.1,0.9,51.7,55.3,57.7,적색,4,X,X,15.3,25.1,-30.7,38.3,87037,70.6
주의,097950,CJ제일제당,코스피,204500,0.74,15.2,0.0,6.5,59.3,57.4,44.5,적색,8,X,X,15.2,5.1,-15.2,47.8,28982,56.3
주의,053800,안랩,코스닥,59300,1.54,15.1,0.0,8.9,62.8,62.6,52.6,적색,6,X,X,15.1,8.6,-13.7,49.8,32219,55.3
