date,code,name,market,action,severity,reason,price,score,rank,entry_date,entry_price,days_held,pnl_pct,gbuy,gsell,gs_hold,gs_mean,gs_std,gb_slope5,t,b,u,red,ma30,chg1,chg5,chg20,vol,amount
2026-02-19,005830,DB손해보험,코스피200,BUY,진입,2026-02-13 종가신호 91.8점 1위 → 시가 체결,183000,91.8,1,2026-02-19,183000,0,0.0,51.8,1.8,15,0.54,0.85,12.3,66.5,82.0,60.4,True,142183,0.71,8.78,47.9,213813,39213304200
2026-02-19,001120,LX인터내셔널,코스피200,BUY,진입,2026-02-13 종가신호 89.2점 2위 → 시가 체결,46000,89.2,2,2026-02-19,46000,0,0.0,50.0,0.0,15,0.61,0.94,15.8,53.4,80.4,70.0,True,37885,4.93,11.93,32.18,183183,8765306550
2026-02-19,086790,하나금융지주,코스피200,BUY,진입,2026-02-13 종가신호 87.0점 3위 → 시가 체결,130700,87.0,3,2026-02-19,130700,0,0.0,37.4,2.9,15,1.0,1.43,8.2,56.7,76.0,56.7,True,105536,-1.02,6.31,31.29,1462304,184688995200
2026-02-19,171090,선익시스템,코스닥150,BUY,진입,2026-02-13 종가신호 77.2점 4위 → 시가 체결,115600,77.2,4,2026-02-19,115600,0,0.0,186.8,0.0,9,0.99,1.7,63.6,56.8,84.0,75.2,True,66665,28.5,28.5,150.98,756877,97258694500
2026-02-19,009970,영원무역홀딩스,코스피200,BUY,진입,2026-02-13 종가신호 71.8점 5위 → 시가 체결,233000,71.8,5,2026-02-19,233000,0,0.0,21.5,8.5,0,8.52,0.0,4.4,29.4,59.5,55.1,True,201976,-4.29,3.72,20.28,31490,7022270000
2026-02-19,009420,한올바이오파마,코스피200,BUY,진입,2026-02-13 종가신호 70.1점 6위 → 시가 체결,55500,70.1,6,2026-02-19,55500,0,0.0,33.6,0.0,6,1.02,1.52,11.1,13.0,59.6,50.9,True,51036,3.49,9.09,10.81,606401,34201016400
2026-02-19,017670,SK텔레콤,코스피200,BUY,진입,2026-02-13 종가신호 69.8점 7위 → 시가 체결,84200,69.8,7,2026-02-19,84200,0,0.0,54.4,6.1,0,6.13,0.0,15.3,39.9,67.1,56.3,True,65643,-5.78,11.04,37.67,2352769,191750673500
2026-02-19,000810,삼성화재,코스피200,BUY,진입,2026-02-13 종가신호 68.2점 8위 → 시가 체결,552000,68.2,8,2026-02-19,552000,0,0.0,21.3,1.9,13,1.2,1.52,8.3,23.7,63.8,61.7,True,503233,1.97,7.34,18.63,165511,94341270000
2026-02-19,004370,농심,코스피200,BUY,진입,2026-02-13 종가신호 65.9점 9위 → 시가 체결,447000,65.9,9,2026-02-19,447000,0,0.0,10.5,1.3,6,1.11,1.35,4.7,22.1,62.6,62.1,True,418433,-0.89,4.44,8.37,34216,15277444000
2026-02-19,051600,한전KPS,코스피200,BUY,진입,2026-02-13 종가신호 53.7점 10위 → 시가 체결,61000,53.7,10,2026-02-19,61000,0,0.0,26.8,0.0,9,3.14,1.54,6.1,16.9,64.3,57.9,True,55931,6.35,5.08,9.73,748144,46384928000
2026-02-19,005830,DB손해보험,코스피200,HOLD,주의,위꼬리 3.75,183400,,,2026-02-19,183000,1,0.22,51.8,1.8,15,0.54,0.85,12.3,66.5,82.0,60.4,True,142183,0.71,8.78,47.9,213813,39213304200
2026-02-19,001120,LX인터내셔널,코스피200,HOLD,정상,조건 유지,47850,,,2026-02-19,46000,1,4.02,50.0,0.0,15,0.61,0.94,15.8,53.4,80.4,70.0,True,37885,4.93,11.93,32.18,183183,8765306550
2026-02-19,086790,하나금융지주,코스피200,HOLD,정상,조건 유지,126300,,,2026-02-19,130700,1,-3.37,37.4,2.9,15,1.0,1.43,8.2,56.7,76.0,56.7,True,105536,-1.02,6.31,31.29,1462304,184688995200
2026-02-19,171090,선익시스템,코스닥150,HOLD,정상,조건 유지,128500,,,2026-02-19,115600,1,11.16,186.8,0.0,9,0.99,1.7,63.6,56.8,84.0,75.2,True,66665,28.5,28.5,150.98,756877,97258694500
2026-02-19,009420,한올바이오파마,코스피200,HOLD,주의,위꼬리 2.28,56400,,,2026-02-19,55500,1,1.62,33.6,0.0,6,1.02,1.52,11.1,13.0,59.6,50.9,True,51036,3.49,9.09,10.81,606401,34201016400
2026-02-19,000810,삼성화재,코스피200,HOLD,정상,조건 유지,570000,,,2026-02-19,552000,1,3.26,21.3,1.9,13,1.2,1.52,8.3,23.7,63.8,61.7,True,503233,1.97,7.34,18.63,165511,94341270000
2026-02-19,004370,농심,코스피200,HOLD,정상,조건 유지,446500,,,2026-02-19,447000,1,-0.11,10.5,1.3,6,1.11,1.35,4.7,22.1,62.6,62.1,True,418433,-0.89,4.44,8.37,34216,15277444000
2026-02-19,051600,한전KPS,코스피200,HOLD,주의,위꼬리 2.4,62000,,,2026-02-19,61000,1,1.64,26.8,0.0,9,3.14,1.54,6.1,16.9,64.3,57.9,True,55931,6.35,5.08,9.73,748144,46384928000
2026-02-20,009970,영원무역홀딩스,코스피200,SELL,청산,"청선 8.5 — 8.0선 초과 급이탈 → 2026-02-19 종가신호, 시가 체결",220500,,,2026-02-19,233000,1,-5.36,21.8,7.3,0,7.32,0.0,-2.1,27.6,60.5,56.1,True,203176,1.12,-0.88,21.83,14823,3342586500
2026-02-20,017670,SK텔레콤,코스피200,SELL,청산,"장대음봉 -5.8% → 2026-02-19 종가신호, 시가 체결",82100,,,2026-02-19,84200,1,-2.49,53.0,7.1,0,7.05,0.0,13.4,38.0,66.0,61.7,True,66563,-0.86,9.63,29.9,1296944,104793075200
2026-02-20,004990,롯데지주,코스피200,BUY,진입,2026-02-19 종가신호 86.8점 2위 → 시가 체결,35600,86.8,2,2026-02-20,35600,0,0.0,44.6,0.0,11,0.71,1.39,14.1,37.2,72.6,65.5,True,30210,1.67,10.79,24.62,342287,12476361150
2026-02-20,086450,동국제약,코스닥150,BUY,진입,2026-02-19 종가신호 75.3점 5위 → 시가 체결,21200,75.3,5,2026-02-20,21200,0,0.0,24.8,1.5,7,2.48,1.46,12.2,23.0,67.4,65.4,True,17727,-1.44,10.87,23.05,380474,7799717000
2026-02-20,005830,DB손해보험,코스피200,HOLD,주의,위꼬리 1.33,192300,,,2026-02-19,183000,2,5.08,59.2,0.0,15,0.54,0.85,17.0,67.5,84.4,56.5,True,144353,4.85,11.93,49.19,337137,64831445100
2026-02-20,001120,LX인터내셔널,코스피200,HOLD,주의,위꼬리 2.17,47700,,,2026-02-19,46000,2,3.7,49.5,0.3,15,0.52,0.89,11.5,55.0,79.7,68.0,True,38386,-0.31,8.53,26.69,176964,8441182800
2026-02-20,086790,하나금융지주,코스피200,HOLD,정상,조건 유지,131300,,,2026-02-19,130700,2,0.46,42.9,0.0,15,1.0,1.43,9.9,57.3,78.9,58.4,True,106750,3.96,7.45,30.91,1186291,155760008300
2026-02-20,171090,선익시스템,코스닥150,HOLD,주의,위꼬리 129.0,131000,,,2026-02-19,115600,2,13.32,192.4,0.0,10,0.89,1.64,79.5,60.1,84.4,68.9,True,69218,1.95,37.32,148.11,508682,66637342000
2026-02-20,000810,삼성화재,코스피200,HOLD,주의,위꼬리 0.6,618000,,,2026-02-19,552000,2,11.96,31.5,0.0,14,1.12,1.5,17.9,28.4,70.5,60.9,True,507333,8.42,15.73,23.35,170035,105081630000
2026-02-20,004370,농심,코스피200,HOLD,주의,위꼬리 5.5,442500,,,2026-02-19,447000,2,-1.01,9.5,2.3,7,1.28,1.31,0.2,22.0,59.7,59.7,True,419183,-0.9,0.23,6.5,22303,9869077500
2026-02-20,051600,한전KPS,코스피200,HOLD,주의,위꼬리 8.0,62800,,,2026-02-19,61000,2,2.95,27.1,0.0,10,2.83,1.73,7.9,20.1,65.6,53.5,True,56348,1.29,7.72,4.84,741321,46554958800
2026-02-20,004990,롯데지주,코스피200,HOLD,정상,조건 유지,36450,,,2026-02-20,35600,1,2.39,44.6,0.0,11,0.71,1.39,14.1,37.2,72.6,65.5,True,30210,1.67,10.79,24.62,342287,12476361150
2026-02-20,086450,동국제약,코스닥150,HOLD,정상,조건 유지,20500,,,2026-02-20,21200,1,-3.3,24.8,1.5,7,2.48,1.46,12.2,23.0,67.4,65.4,True,17727,-1.44,10.87,23.05,380474,7799717000
2026-02-23,009420,한올바이오파마,코스피200,SELL,청산,"적선 5일 기울기 -7.3 — 상승탄력 꺾임 → 2026-02-20 종가신호, 시가 체결",57500,,,2026-02-19,55500,2,3.6,34.3,0.0,8,1.06,1.44,8.2,16.8,64.2,56.7,True,51675,10.89,14.85,34.29,959796,58643535600
2026-02-23,084370,유진테크,코스닥150,BUY,진입,2026-02-20 종가신호 85.2점 2위 → 시가 체결,134200,85.2,2,2026-02-23,134200,0,0.0,68.7,6.4,0,6.36,0.0,38.5,30.9,65.9,62.1,True,96330,-5.98,30.4,63.54,328796,41888610400
2026-02-23,084370,유진테크,코스닥150,SELL,손절,장중 손절 -7.0% (기준 -7.0%),124805,,,2026-02-23,134200,0,-7.0,68.7,6.4,0,6.36,0.0,38.5,30.9,65.9,62.1,True,96330,-5.98,30.4,63.54,328796,41888610400
2026-02-23,005830,DB손해보험,코스피200,HOLD,주의,위꼬리 1.18,202000,,,2026-02-19,183000,3,10.38,67.2,0.0,15,0.54,0.85,20.0,69.4,86.6,55.7,True,146930,5.04,13.61,56.47,552451,111595102000
2026-02-23,001120,LX인터내셔널,코스피200,HOLD,주의,위꼬리 1.57,47650,,,2026-02-19,46000,3,3.59,49.4,0.4,15,0.37,0.7,14.8,56.0,79.4,63.8,True,38891,-0.1,11.2,32.55,160165,7631862250
2026-02-23,086790,하나금융지주,코스피200,HOLD,정상,조건 유지,129100,,,2026-02-19,130700,3,-1.22,40.5,1.7,15,0.96,1.41,3.6,55.8,74.7,53.3,True,107936,-1.68,2.62,29.36,1078747,139266237700
2026-02-23,004370,농심,코스피200,HOLD,정상,조건 유지,457500,,,2026-02-19,447000,3,2.35,13.2,0.0,8,1.12,1.3,4.2,24.9,65.9,62.5,True,420616,3.39,3.86,12.68,40930,18725475000
2026-02-23,051600,한전KPS,코스피200,HOLD,정상,조건 유지,63100,,,2026-02-19,61000,3,3.44,27.7,0.0,11,2.57,1.84,11.0,22.7,66.1,49.4,True,56795,0.48,10.51,8.79,369249,23299611900
2026-02-23,004990,롯데지주,코스피200,HOLD,주의,위꼬리 0.82,38600,,,2026-02-20,35600,2,8.43,53.2,0.0,12,0.65,1.35,21.4,41.4,76.7,64.2,True,30641,5.9,16.27,33.8,1164751,44959388600
2026-02-23,086450,동국제약,코스닥150,HOLD,주의,위꼬리 0.56,20550,,,2026-02-20,21200,2,-3.07,25.2,1.2,8,2.32,1.43,13.5,26.2,67.6,59.5,True,17833,0.24,12.05,23.8,491454,10099379700
2026-02-24,171090,선익시스템,코스닥150,SELL,청산,"청선 9.8 — 8.0선 초과 급이탈 → 2026-02-23 종가신호, 시가 체결",121200,,,2026-02-19,115600,3,4.84,177.7,5.3,0,5.31,0.0,61.6,55.7,75.2,64.6,True,74028,4.27,28.51,114.11,223725,27831390000
2026-02-24,000810,삼성화재,코스피200,SELL,청산,"청선 9.4 — 8.0선 초과 급이탈 → 2026-02-23 종가신호, 시가 체결",578000,,,2026-02-19,552000,3,4.71,17.7,11.8,0,11.75,0.0,-6.0,22.2,55.6,47.2,True,512700,-2.12,-4.82,12.97,167797,92791741000
2026-02-24,139130,iM금융지주,코스피200,BUY,진입,2026-02-23 종가신호 89.6점 1위 → 시가 체결,21000,89.6,1,2026-02-24,21000,0,0.0,47.6,6.1,0,6.13,0.0,1.1,61.2,72.1,59.2,True,16497,-4.23,0.74,42.16,1081924,22071249600
2026-02-24,005940,NH투자증권,코스피200,BUY,진입,2026-02-23 종가신호 86.1점 2위 → 시가 체결,37250,86.1,2,2026-02-24,37250,0,0.0,75.0,7.7,0,7.69,0.0,34.9,56.2,74.0,54.5,True,26578,-5.08,24.87,59.3,2698783,98235701200
2026-02-24,009150,삼성전기,코스피200,BUY,진입,2026-02-23 종가신호 83.6점 3위 → 시가 체결,425500,83.6,3,2026-02-24,425500,0,0.0,67.7,0.0,9,0.63,1.05,42.4,49.8,82.5,76.3,True,304333,4.57,39.59,57.6,1410621,629136966000
2026-02-24,005830,DB손해보험,코스피200,HOLD,주의,위꼬리 0.56,196000,,,2026-02-19,183000,4,7.1,62.3,3.1,15,0.74,1.04,7.7,67.3,79.4,53.9,True,149343,-2.97,4.98,51.94,554739,108728844000
2026-02-24,001120,LX인터내셔널,코스피200,HOLD,정상,조건 유지,48450,,,2026-02-19,46000,4,5.33,51.9,0.0,15,0.37,0.7,10.7,57.4,80.5,67.5,True,39443,1.68,7.55,35.15,233340,11305323000
2026-02-24,004370,농심,코스피200,HOLD,정상,조건 유지,453000,,,2026-02-19,447000,4,1.34,12.1,1.0,9,1.1,1.22,0.1,25.6,62.8,60.7,True,422200,-0.98,0.11,10.49,21299,9648447000
2026-02-24,051600,한전KPS,코스피200,HOLD,정상,조건 유지,62100,,,2026-02-19,61000,4,1.8,25.7,1.6,12,2.49,1.78,7.5,23.5,62.9,50.6,True,57218,-1.58,7.44,7.44,254196,15785571600
2026-02-24,004990,롯데지주,코스피200,HOLD,정상,조건 유지,37300,,,2026-02-20,35600,3,4.78,48.0,3.5,13,0.87,1.5,14.5,41.5,70.0,62.9,True,31045,-3.37,10.85,29.07,646741,24123439300
2026-02-24,086450,동국제약,코스닥150,HOLD,정상,조건 유지,22000,,,2026-02-20,21200,3,3.77,34.0,0.0,9,2.07,1.53,23.4,31.9,73.5,61.8,True,17996,7.06,21.21,32.61,1145611,25203442000
2026-02-24,009150,삼성전기,코스피200,HOLD,정상,조건 유지,446000,,,2026-02-24,425500,1,4.82,67.7,0.0,9,0.63,1.05,42.4,49.8,82.5,76.3,True,304333,4.57,39.59,57.6,1410621,629136966000
2026-02-25,086790,하나금융지주,코스피200,SELL,청산,"적선 5일 기울기 -4.2 — 상승탄력 꺾임 → 2026-02-24 종가신호, 시가 체결",125200,,,2026-02-19,130700,4,-4.21,37.1,4.2,15,1.1,1.51,-1.7,49.5,69.1,54.0,True,110180,-0.08,-1.25,24.63,898808,113249808000
2026-02-25,139130,iM금융지주,코스피200,SELL,청산,"장대음봉 -4.2% → 2026-02-24 종가신호, 시가 체결",20500,,,2026-02-24,21000,1,-2.38,47.3,6.4,0,6.39,0.0,-3.3,57.5,71.6,56.9,True,16693,-0.25,-2.16,41.32,711082,14470518700
2026-02-25,005940,NH투자증권,코스피200,SELL,청산,"장대음봉 -5.1% → 2026-02-24 종가신호, 시가 체결",37300,,,2026-02-24,37250,1,0.13,75.0,7.7,0,7.69,0.0,26.4,54.5,74.0,53.1,True,27096,0.0,17.8,51.67,1570132,57152804800
2026-02-25,005440,현대지에프홀딩스,코스피200,BUY,진입,2026-02-24 종가신호 93.3점 1위 → 시가 체결,18410,93.3,1,2026-02-25,18410,0,0.0,130.6,2.8,15,0.44,0.84,48.3,77.7,87.9,67.5,True,10720,-2.72,26.49,108.93,4299731,78427093440
2026-02-25,012630,HDC,코스피200,BUY,진입,2026-02-24 종가신호 89.2점 2위 → 시가 체결,24550,89.2,2,2026-02-25,24550,0,0.0,56.0,0.0,9,0.19,0.53,14.1,46.9,77.7,63.0,True,19573,1.84,9.91,38.61,165905,4139329750
2026-02-25,034730,SK,코스피200,BUY,진입,2026-02-24 종가신호 81.3점 4위 → 시가 체결,400000,81.3,4,2026-02-25,400000,0,0.0,46.6,0.0,10,0.26,0.41,10.3,41.9,76.6,59.8,True,322866,4.2,17.02,37.94,332208,135873072000
2026-02-25,005830,DB손해보험,코스피200,HOLD,주의,위꼬리 3.5,195200,,,2026-02-19,183000,5,6.67,61.6,3.5,15,0.94,1.24,10.8,65.3,78.5,53.0,True,151730,-0.41,7.19,50.15,319317,62330678400
2026-02-25,001120,LX인터내셔널,코스피200,HOLD,주의,위꼬리 7.67,48450,,,2026-02-19,46000,5,5.33,51.9,0.0,15,0.37,0.7,8.9,58.3,80.5,68.5,True,39990,0.0,6.25,34.02,253819,12297530550
2026-02-25,004370,농심,코스피200,HOLD,정상,조건 유지,448500,,,2026-02-19,447000,5,0.34,11.0,2.0,10,1.19,1.19,-0.5,24.8,59.9,60.5,True,423600,-0.99,-0.44,8.86,33947,15225229500
2026-02-25,051600,한전KPS,코스피200,HOLD,정상,조건 유지,62400,,,2026-02-19,61000,5,2.3,26.3,1.1,13,2.38,1.75,7.1,24.3,63.5,51.8,True,57636,0.48,7.03,7.96,323656,20196134400
2026-02-25,004990,롯데지주,코스피200,HOLD,주의,위꼬리 12.0,37600,,,2026-02-20,35600,4,5.62,49.2,2.7,14,1.0,1.52,6.2,41.8,70.6,64.2,True,31456,0.8,4.3,24.3,767078,28842132800
2026-02-25,086450,동국제약,코스닥150,HOLD,주의,청선 3.8 상승,21200,,,2026-02-20,21200,4,0.0,29.1,3.8,10,2.24,1.54,18.9,32.6,66.5,59.6,True,18141,-3.64,17.13,24.12,479190,10158828000
2026-02-25,009150,삼성전기,코스피200,HOLD,주의,위꼬리 0.62,465000,,,2026-02-24,425500,2,9.28,74.8,0.0,10,0.57,1.01,53.4,54.8,84.0,77.3,True,310966,4.26,50.24,70.96,1024495,476390175000
2026-02-25,005440,현대지에프홀딩스,코스피200,HOLD,주의,위꼬리 8.12,18240,,,2026-02-25,18410,1,-0.92,130.6,2.8,15,0.44,0.84,48.3,77.7,87.9,67.5,True,10720,-2.72,26.49,108.93,4299731,78427093440
2026-02-25,012630,HDC,코스피200,HOLD,주의,위꼬리 0.88,24950,,,2026-02-25,24550,1,1.63,56.0,0.0,9,0.19,0.53,14.1,46.9,77.7,63.0,True,19573,1.84,9.91,38.61,165905,4139329750
2026-02-25,034730,SK,코스피200,HOLD,주의,위꼬리 0.89,409000,,,2026-02-25,400000,1,2.25,46.6,0.0,10,0.26,0.41,10.3,41.9,76.6,59.8,True,322866,4.2,17.02,37.94,332208,135873072000
2026-02-26,005440,현대지에프홀딩스,코스피200,SELL,손절,장중 손절 -7.0% (기준 -7.0%),17121,,,2026-02-25,18410,1,-7.0,109.5,12.9,0,12.88,0.0,26.1,69.9,74.5,60.8,True,11007,-8.94,14.55,86.21,1516944,25196439840
2026-02-26,005830,DB손해보험,코스피200,HOLD,주의,위꼬리 0.75,205500,,,2026-02-19,183000,6,12.3,70.1,0.0,15,0.83,1.25,18.3,65.0,81.4,52.1,True,154483,5.28,12.05,59.8,768155,157855852500
2026-02-26,051600,한전KPS,코스피200,HOLD,정상,조건 유지,62000,,,2026-02-19,61000,6,1.64,24.4,1.8,14,2.34,1.7,-2.4,24.5,62.1,48.7,True,57990,-0.64,0.0,8.77,258884,16050808000
2026-02-26,009150,삼성전기,코스피200,HOLD,주의,위꼬리 1.36,466500,,,2026-02-24,425500,3,9.64,75.4,0.0,11,0.52,0.98,40.8,58.3,84.1,75.5,True,317216,0.32,30.31,69.64,836633,390289294500
2026-02-26,012630,HDC,코스피200,HOLD,주의,위꼬리 0.8,25500,,,2026-02-25,24550,2,3.87,59.5,0.0,10,0.17,0.51,16.3,49.7,79.1,59.7,True,19881,2.2,11.35,39.34,192280,4903140000
2026-02-26,034730,SK,코스피200,HOLD,정상,조건 유지,422500,,,2026-02-25,400000,2,5.62,51.4,0.0,11,0.24,0.4,14.2,45.5,78.4,64.3,True,327650,3.3,18.85,45.69,423246,178821435000
2026-02-27,001120,LX인터내셔널,코스피200,SELL,청산,"청선 8.4 — 8.0선 초과 급이탈 → 2026-02-26 종가신호, 시가 체결",44150,,,2026-02-19,46000,6,-4.02,30.3,13.7,0,13.73,0.0,-19.3,41.4,55.3,45.1,True,40720,-4.7,-10.69,15.14,334831,14263800600
2026-02-27,004370,농심,코스피200,SELL,청산,"청선 5.4 — 5선 이탈 → 2026-02-26 종가신호, 시가 체결",435500,,,2026-02-19,447000,6,-2.57,6.4,6.4,0,6.4,0.0,-3.1,15.6,49.5,49.6,True,424983,-0.92,-2.82,5.39,26326,11320180000
2026-02-27,004990,롯데지주,코스피200,SELL,청산,"청선 8.6 — 8.0선 초과 급이탈 → 2026-02-26 종가신호, 시가 체결",34900,,,2026-02-20,35600,5,-1.97,38.3,8.0,0,7.97,0.0,-6.3,34.9,61.8,54.7,True,32101,0.56,-1.92,16.45,494281,17670545750
2026-02-27,086450,동국제약,코스닥150,SELL,청산,"청선 7.6 — 5선 이탈 → 2026-02-26 종가신호, 시가 체결",20550,,,2026-02-20,21200,5,-3.07,24.2,7.8,0,7.84,0.0,-0.6,28.2,60.3,55.3,True,18385,-0.24,-0.49,13.33,310768,6339667200
2026-02-27,034220,LG디스플레이,코스피200,BUY,진입,2026-02-26 종가신호 83.9점 1위 → 시가 체결,15750,83.9,1,2026-02-27,15750,0,0.0,29.9,10.5,0,10.53,0.0,9.3,29.8,61.4,56.2,True,12441,-9.53,7.74,16.68,17402978,249558704520
2026-02-27,083450,GST,코스닥150,BUY,진입,2026-02-26 종가신호 76.9점 2위 → 시가 체결,31100,76.9,2,2026-02-27,31100,0,0.0,23.3,1.6,4,0.44,0.66,7.4,15.2,60.3,53.9,True,28585,-1.55,6.37,11.99,426717,13548264750
2026-02-27,000270,기아,코스피200,BUY,진입,2026-02-26 종가신호 76.6점 3위 → 시가 체결,199600,76.6,3,2026-02-27,199600,0,0.0,58.9,0.2,9,1.11,1.71,18.7,45.2,78.9,70.1,True,163580,-0.24,19.62,33.88,2945241,605247025500
2026-02-27,267260,HD현대일렉트릭,코스피200,BUY,진입,2026-02-26 종가신호 76.5점 4위 → 시가 체결,1088000,76.5,4,2026-02-27,1088000,0,0.0,25.6,5.8,0,5.81,0.0,2.5,26.5,60.8,60.7,True,938833,-5.49,3.86,16.54,340891,357935550000
2026-02-27,060370,LS마린솔루션,코스닥150,BUY,진입,2026-02-26 종가신호 58.2점 5위 → 시가 체결,32400,58.2,5,2026-02-27,32400,0,0.0,22.7,0.3,5,1.17,1.02,10.6,14.9,60.5,51.1,True,30118,2.45,9.48,11.48,310368,10397328000
2026-02-27,034220,LG디스플레이,코스피200,SELL,손절,장중 손절 -7.0% (기준 -7.0%),14647,,,2026-02-27,15750,0,-7.0,29.9,10.5,0,10.53,0.0,9.3,29.8,61.4,56.2,True,12441,-9.53,7.74,16.68,17402978,249558704520
2026-02-27,009150,삼성전기,코스피200,HOLD,주의,위꼬리 1.5 · 청선 4.0 상승,448500,,,2026-02-24,425500,4,5.41,64.9,4.0,12,0.81,1.35,23.2,57.8,77.3,72.9,True,322533,-3.86,18.97,61.91,1072933,481210450500
2026-02-27,012630,HDC,코스피200,HOLD,주의,위꼬리 2.2,24650,,,2026-02-25,24550,3,0.41,51.7,3.4,11,0.47,1.06,6.3,48.9,71.9,57.4,True,20156,-3.33,6.02,34.55,298601,7360514650
2026-02-27,083450,GST,코스닥150,HOLD,주의,위꼬리 0.69,31750,,,2026-02-27,31100,1,2.09,23.3,1.6,4,0.44,0.66,7.4,15.2,60.3,53.9,True,28585,-1.55,6.37,11.99,426717,13548264750
2026-02-27,000270,기아,코스피200,HOLD,주의,위꼬리 1.19,205500,,,2026-02-27,199600,1,2.96,58.9,0.2,9,1.11,1.71,18.7,45.2,78.9,70.1,True,163580,-0.24,19.62,33.88,2945241,605247025500
2026-02-27,060370,LS마린솔루션,코스닥150,HOLD,주의,위꼬리 0.64,33500,,,2026-02-27,32400,1,3.4,22.7,0.3,5,1.17,1.02,10.6,14.9,60.5,51.1,True,30118,2.45,9.48,11.48,310368,10397328000
2026-03-03,005830,DB손해보험,코스피200,SELL,청산,"청선 12.2 — 8.0선 초과 급이탈 → 2026-02-27 종가신호, 시가 체결",184500,,,2026-02-19,183000,7,0.82,54.6,10.1,0,10.07,0.0,-12.7,47.7,63.6,46.1,True,158720,1.97,-7.57,36.78,524971,98012085700
2026-03-03,051600,한전KPS,코스피200,SELL,청산,"적선 5일 기울기 -6.5 — 상승탄력 꺾임 → 2026-02-27 종가신호, 시가 체결",61000,,,2026-02-19,61000,7,0.0,12.4,8.6,0,8.61,0.0,-15.4,19.6,50.4,33.8,True,58480,-6.29,-7.92,0.52,318602,18510776200
2026-03-03,034730,SK,코스피200,SELL,청산,"장대음봉 -5.1% → 2026-02-27 종가신호, 시가 체결",391500,,,2026-02-25,400000,3,-2.12,35.1,11.3,0,11.33,0.0,-0.8,39.5,61.7,54.6,True,334450,-5.36,0.13,24.22,363172,137823774000
2026-03-03,267260,HD현대일렉트릭,코스피200,SELL,청산,"장대음봉 -5.5% → 2026-02-27 종가신호, 시가 체결",1006000,,,2026-02-27,1088000,1,-7.54,18.1,12.6,0,12.56,0.0,-11.9,22.5,54.1,54.0,True,941000,-6.0,-7.5,9.42,192638,190133706000
2026-03-03,042700,한미반도체,코스피200,BUY,진입,2026-02-27 종가신호 81.5점 1위 → 시가 체결,314000,81.5,1,2026-03-03,314000,0,0.0,66.4,14.7,0,14.72,0.0,44.7,41.6,68.4,67.2,True,201590,-12.83,38.24,54.95,2299627,648494814000
2026-03-03,003490,대한항공,코스피200,BUY,진입,2026-02-27 종가신호 81.1점 2위 → 시가 체결,26100,81.1,2,2026-03-03,26100,0,0.0,13.3,14.9,0,14.88,0.0,-8.9,29.2,52.1,46.0,True,24706,-10.32,-4.73,5.88,6931403,174671355600
2026-03-03,229640,LS에코에너지,코스피200,BUY,진입,2026-02-27 종가신호 77.9점 3위 → 시가 체결,46700,77.9,3,2026-03-03,46700,0,0.0,25.0,2.9,13,0.67,0.89,-4.3,28.6,60.7,46.7,True,41910,-2.81,-0.55,7.14,371816,16731720000
2026-03-03,078600,대주전자재료,코스닥150,BUY,진입,2026-02-27 종가신호 77.9점 4위 → 시가 체결,96900,77.9,4,2026-03-03,96900,0,0.0,56.2,8.5,0,8.51,0.0,-2.8,29.5,58.6,46.4,True,81013,-7.85,-1.28,17.92,328627,30496585600
2026-03-03,018260,삼성에스디에스,코스피200,BUY,진입,2026-02-27 종가신호 65.8점 5위 → 시가 체결,192000,65.8,5,2026-03-03,192000,0,0.0,7.3,9.8,0,9.8,0.0,1.2,12.3,51.6,52.0,True,174963,-8.92,1.14,0.62,369574,65636342400
2026-03-03,000270,기아,코스피200,SELL,손절,장중 손절 -7.3% (기준 -7.0%),185000,,,2026-02-27,199600,1,-7.31,34.0,13.0,0,13.0,0.0,-6.9,39.3,60.7,56.9,True,164890,-11.29,5.56,21.78,3431157,625499921100
2026-03-03,042700,한미반도체,코스피200,SELL,손절,장중 손절 -7.0% (기준 -7.0%),292020,,,2026-03-03,314000,0,-7.0,66.4,14.7,0,14.72,0.0,44.7,41.6,68.4,67.2,True,201590,-12.83,38.24,54.95,2299627,648494814000
2026-03-03,018260,삼성에스디에스,코스피200,SELL,손절,장중 손절 -7.0% (기준 -7.0%),178560,,,2026-03-03,192000,0,-7.0,7.3,9.8,0,9.8,0.0,1.2,12.3,51.6,52.0,True,174963,-8.92,1.14,0.62,369574,65636342400
2026-03-03,012630,HDC,코스피200,HOLD,정상,조건 유지,25550,,,2026-02-25,24550,4,4.07,55.7,0.0,12,0.43,1.02,5.3,49.4,74.5,60.7,True,20452,3.65,6.24,35.76,377340,9641037000
2026-03-04,009150,삼성전기,코스피200,SELL,청산,"청선 14.1 — 8.0선 초과 급이탈 → 2026-03-03 종가신호, 시가 체결",387000,,,2026-02-24,425500,5,-9.05,33.3,28.7,0,28.69,0.0,-34.4,40.4,54.5,53.5,True,329116,-11.37,-18.72,29.7,1314788,476610650000
2026-03-04,083450,GST,코스닥150,SELL,청산,"청선 8.8 — 8.0선 초과 급이탈 → 2026-03-03 종가신호, 시가 체결",28000,,,2026-02-27,31100,2,-9.97,2.9,21.7,0,21.7,0.0,-14.6,7.1,43.7,36.4,True,28620,-10.62,-12.4,-8.78,666712,17667868000
2026-03-04,060370,LS마린솔루션,코스닥150,SELL,청산,"장대음봉 -7.0% → 2026-03-03 종가신호, 시가 체결",29200,,,2026-02-27,32400,2,-9.88,0.0,33.9,0,33.86,0.0,-23.1,2.8,37.8,32.4,True,30045,-19.42,-25.3,-21.44,552050,13856455000
2026-03-04,003490,대한항공,코스피200,SELL,청산,"청선 14.9 — 8.0선 초과 급이탈 → 2026-03-03 종가신호, 시가 체결",23900,,,2026-03-03,26100,1,-8.43,3.1,24.8,0,24.78,0.0,-19.3,17.8,43.8,41.3,True,24713,-7.94,-12.45,-2.11,4888807,113420322400
2026-03-04,229640,LS에코에너지,코스피200,SELL,청산,"적선 5일 기울기 -4.3 — 상승탄력 꺾임 → 2026-03-03 종가신호, 시가 체결",42050,,,2026-03-03,46700,1,-9.96,4.7,22.0,0,22.0,0.0,-25.9,15.9,40.8,34.8,True,41938,-15.67,-16.96,-9.21,244998,9297674100
2026-03-04,078600,대주전자재료,코스닥150,SELL,청산,"청선 8.5 — 8.0선 초과 급이탈 → 2026-03-03 종가신호, 시가 체결",87000,,,2026-03-03,96900,1,-10.22,30.8,29.6,0,29.6,0.0,-37.9,20.4,46.3,39.4,True,81566,-16.27,-22.07,-2.26,556930,43273461000
2026-03-04,012630,HDC,코스피200,SELL,손절,장중 손절 -7.0% (기준 -7.0%),22831,,,2026-02-25,24550,4,-7.0,36.3,13.1,0,13.05,0.0,-16.9,40.3,56.5,51.0,True,20648,-11.55,-7.76,16.92,417694,9439884400
2026-03-10,043260,성호전자,코스닥150,BUY,진입,2026-03-09 종가신호 85.2점 1위 → 시가 체결,41000,85.2,1,2026-03-10,41000,0,0.0,285.6,0.0,4,0.0,0.0,164.3,51.3,83.7,69.8,True,23658,28.31,74.25,125.06,6654875,328750825000
2026-03-10,043260,성호전자,코스닥150,HOLD,정상,조건 유지,49400,,,2026-03-10,41000,1,20.49,285.6,0.0,4,0.0,0.0,164.3,51.3,83.7,69.8,True,23658,28.31,74.25,125.06,6654875,328750825000
2026-03-11,044490,태웅,코스닥150,BUY,진입,2026-03-10 종가신호 85.2점 2위 → 시가 체결,49500,85.2,2,2026-03-11,49500,0,0.0,76.6,4.3,4,1.07,1.85,76.6,24.1,66.7,56.3,True,33605,-4.1,76.61,61.18,1509619,72386231050
2026-03-11,237690,에스티팜,코스닥150,BUY,진입,2026-03-10 종가신호 60.6점 3위 → 시가 체결,161500,60.6,3,2026-03-11,161500,0,0.0,35.9,2.0,4,0.99,0.83,23.4,12.1,57.0,44.5,True,151390,-0.44,20.84,5.37,225598,35847522200
2026-03-11,043260,성호전자,코스닥150,HOLD,주의,위꼬리 4.8,48000,,,2026-03-10,41000,2,17.07,274.7,2.9,5,0.58,1.17,174.5,54.0,80.7,59.3,True,24831,-2.83,87.13,114.29,8452141,405702768000
2026-03-11,237690,에스티팜,코스닥150,HOLD,주의,위꼬리 2.08,158900,,,2026-03-11,161500,1,-1.61,35.9,2.0,4,0.99,0.83,23.4,12.1,57.0,44.5,True,151390,-0.44,20.84,5.37,225598,35847522200
2026-03-12,044490,태웅,코스닥150,SELL,청산,"장대음봉 -4.1% → 2026-03-11 종가신호, 시가 체결",48600,,,2026-03-11,49500,1,-1.82,80.8,1.8,5,1.22,1.68,53.6,27.0,67.6,58.5,True,34206,2.4,42.11,72.89,699184,34329934400
2026-03-12,043260,성호전자,코스닥150,HOLD,주의,위꼬리 8.29,49400,,,2026-03-10,41000,3,20.49,285.6,0.0,6,0.49,1.09,144.4,56.2,81.4,59.3,True,26036,2.92,59.87,133.02,2951536,145805878400
2026-03-12,237690,에스티팜,코스닥150,HOLD,주의,위꼬리 2.54,157400,,,2026-03-11,161500,2,-2.54,31.1,3.0,5,1.39,1.09,3.8,12.1,56.1,44.9,True,151983,-0.94,5.78,7.29,184404,29025189600
2026-03-13,336260,두산퓨얼셀,코스피200,BUY,진입,2026-03-12 종가신호 77.9점 1위 → 시가 체결,47800,77.9,1,2026-03-13,47800,0,0.0,43.9,0.4,4,0.5,0.65,17.8,18.4,63.2,59.1,True,37238,-0.43,14.13,27.92,1749076,80544949800
2026-03-13,295310,에이치브이엠,코스닥150,BUY,진입,2026-03-12 종가신호 73.0점 2위 → 시가 체결,103200,73.0,2,2026-03-13,103200,0,0.0,61.9,3.7,4,1.37,1.54,40.0,18.4,63.8,67.0,True,85733,-1.87,32.78,17.6,300778,31551612200
2026-03-13,043260,성호전자,코스닥150,HOLD,정상,조건 유지,50400,,,2026-03-10,41000,4,22.93,286.5,0.0,7,0.42,1.02,93.0,58.1,81.9,62.7,True,27282,2.02,34.04,82.94,1513696,76290278400
2026-03-13,336260,두산퓨얼셀,코스피200,HOLD,정상,조건 유지,46050,,,2026-03-13,47800,1,-3.66,43.9,0.4,4,0.5,0.65,17.8,18.4,63.2,59.1,True,37238,-0.43,14.13,27.92,1749076,80544949800
2026-03-13,295310,에이치브이엠,코스닥150,HOLD,주의,위꼬리 4.76 · 청선 3.7 상승,104900,,,2026-03-13,103200,1,1.65,61.9,3.7,4,1.37,1.54,40.0,18.4,63.8,67.0,True,85733,-1.87,32.78,17.6,300778,31551612200
2026-03-16,237690,에스티팜,코스닥150,SELL,청산,"적선 5일 기울기 -14.7 — 상승탄력 꺾임 → 2026-03-13 종가신호, 시가 체결",159100,,,2026-03-11,161500,3,-1.49,17.9,4.5,7,1.76,1.46,-20.7,11.7,54.1,46.1,True,152643,-3.48,-4.32,1.77,131061,20327561100
2026-03-16,336260,두산퓨얼셀,코스피200,SELL,손절,장중 손절 -7.0% (기준 -7.0%),44454,,,2026-03-13,47800,1,-7.0,33.9,7.9,0,7.93,0.0,15.9,17.7,57.4,52.9,True,37456,-6.95,13.51,23.84,984725,42195466250
2026-03-17,043260,성호전자,코스닥150,SELL,청산,"장대음봉 -7.1% → 2026-03-16 종가신호, 시가 체결",48300,,,2026-03-10,41000,5,17.8,219.5,19.1,0,19.15,0.0,-66.1,50.6,66.2,50.3,True,29312,-9.62,-14.37,71.6,1593506,67405303800
2026-03-17,295310,에이치브이엠,코스닥150,SELL,청산,"청선 5.4 — 5선 이탈 → 2026-03-16 종가신호, 시가 체결",107200,,,2026-03-13,103200,2,3.88,58.8,5.7,0,5.73,0.0,12.2,20.7,62.2,52.4,True,87013,-0.29,8.32,12.58,310956,31997372400
2026-03-17,112610,씨에스윈드,코스피200,BUY,진입,2026-03-16 종가신호 72.8점 1위 → 시가 체결,56800,72.8,1,2026-03-17,56800,0,0.0,48.2,0.0,5,1.03,1.57,17.9,20.7,63.8,46.3,True,47775,3.75,13.7,35.27,1111023,64550436300
2026-03-17,112610,씨에스윈드,코스피200,HOLD,주의,위꼬리 2.85,58100,,,2026-03-17,56800,1,2.29,48.2,0.0,5,1.03,1.57,17.9,20.7,63.8,46.3,True,47775,3.75,13.7,35.27,1111023,64550436300
2026-03-18,052690,한전기술,코스피200,BUY,진입,2026-03-17 종가신호 53.7점 1위 → 시가 체결,173400,53.7,1,2026-03-18,173400,0,0.0,37.4,3.1,5,3.04,1.66,11.9,17.4,59.6,46.8,True,154503,1.0,9.47,16.73,344206,59306693800
2026-03-18,112610,씨에스윈드,코스피200,HOLD,주의,위꼬리 1.0,59100,,,2026-03-17,56800,2,4.05,50.8,0.0,6,0.86,1.49,18.9,22.5,64.8,50.7,True,48386,1.72,14.31,34.17,558312,32996239200
2026-03-18,052690,한전기술,코스피200,HOLD,주의,위꼬리 3.09,172300,,,2026-03-18,173400,1,-0.63,37.4,3.1,5,3.04,1.66,11.9,17.4,59.6,46.8,True,154503,1.0,9.47,16.73,344206,59306693800
2026-03-19,353200,대덕전자,코스피200,BUY,진입,2026-03-18 종가신호 85.2점 1위 → 시가 체결,72400,85.2,1,2026-03-19,72400,0,0.0,54.9,0.0,4,0.0,0.0,27.3,18.0,65.0,59.3,True,62223,3.34,21.35,34.43,2430889,187907719700
2026-03-19,112610,씨에스윈드,코스피200,HOLD,정상,조건 유지,64900,,,2026-03-17,56800,3,14.26,65.6,0.0,7,0.73,1.41,22.7,26.4,69.9,55.1,True,49195,9.81,15.89,52.35,1939145,125850510500
2026-03-19,353200,대덕전자,코스피200,HOLD,주의,위꼬리 0.53,77300,,,2026-03-19,72400,1,6.77,54.9,0.0,4,0.0,0.0,27.3,18.0,65.0,59.3,True,62223,3.34,21.35,34.43,2430889,187907719700
2026-03-20,052690,한전기술,코스피200,SELL,청산,"청선 5.8 — 5선 이탈 → 2026-03-19 종가신호, 시가 체결",170100,,,2026-03-18,173400,2,-1.9,40.0,1.3,1,1.25,0.0,-1.8,17.4,60.1,46.8,True,157393,4.46,-1.24,15.77,685396,120286998000
2026-03-20,112610,씨에스윈드,코스피200,HOLD,주의,위꼬리 0.68,66100,,,2026-03-17,56800,4,16.37,68.6,0.0,8,0.64,1.34,27.3,29.8,70.8,53.3,True,50091,1.85,19.31,31.15,1177777,77851059700
2026-03-20,353200,대덕전자,코스피200,HOLD,주의,위꼬리 1.4,82800,,,2026-03-19,72400,2,14.36,65.9,0.0,5,0.0,0.0,39.1,22.0,68.2,63.3,True,62960,7.12,30.81,38.93,2457877,203512215600
2026-03-23,010120,LS ELECTRIC,코스피200,BUY,진입,2026-03-20 종가신호 85.2점 1위 → 시가 체결,170800,85.2,1,2026-03-23,170800,0,0.0,56.5,7.7,0,7.65,0.0,10.2,27.3,61.6,57.3,True,143880,-7.11,12.28,19.1,697175,114755005000
2026-03-23,458870,씨어스,코스닥150,BUY,진입,2026-03-20 종가신호 76.5점 2위 → 시가 체결,59532,76.5,2,2026-03-23,59532,0,0.0,67.8,3.3,6,1.97,1.52,12.4,21.6,63.3,60.0,True,51482,0.0,7.97,21.13,440845,26891545000
2026-03-23,089970,브이엠,코스닥150,BUY,진입,2026-03-20 종가신호 74.0점 3위 → 시가 체결,45000,74.0,3,2026-03-23,45000,0,0.0,63.0,10.3,0,10.28,0.0,4.9,22.6,58.9,58.3,True,38040,-7.14,10.62,25.35,337136,14918268000
2026-03-23,082920,비츠로셀,코스닥150,BUY,진입,2026-03-20 종가신호 73.0점 4위 → 시가 체결,28800,73.0,4,2026-03-23,28800,0,0.0,51.8,6.2,0,6.17,0.0,6.0,29.3,64.1,53.7,True,22830,-3.32,4.11,38.81,1067428,31115526200
2026-03-23,007660,이수페타시스,코스피200,BUY,진입,2026-03-20 종가신호 69.8점 5위 → 시가 체결,121600,69.8,5,2026-03-23,121600,0,0.0,16.9,12.1,0,12.12,0.0,9.8,4.6,50.3,52.4,True,113013,-8.91,9.17,14.93,974251,112525990500
2026-03-23,489790,한화비전,코스피200,BUY,진입,2026-03-20 종가신호 65.7점 6위 → 시가 체결,83900,65.7,6,2026-03-23,83900,0,0.0,40.9,9.0,0,8.98,0.0,-10.2,18.4,56.1,46.2,True,73536,-8.24,2.04,31.48,558431,44786166200
2026-03-23,281820,케이씨텍,코스피200,BUY,진입,2026-03-20 종가신호 59.2점 7위 → 시가 체결,47850,59.2,7,2026-03-23,47850,0,0.0,15.1,12.8,0,12.78,0.0,-1.8,5.7,49.3,55.4,True,46893,-8.38,-1.52,-4.42,150420,6829068000
2026-03-23,458870,씨어스,코스닥150,HOLD,주의,위꼬리 0.82,61000,,,2026-03-23,59532,1,2.47,67.8,3.3,6,1.97,1.52,12.4,21.6,63.3,60.0,True,51482,0.0,7.97,21.13,440845,26891545000
2026-03-24,112610,씨에스윈드,코스피200,SELL,청산,"장대음봉 -4.2% → 2026-03-23 종가신호, 시가 체결",64600,,,2026-03-17,56800,5,13.73,48.5,7.7,0,7.65,0.0,0.3,29.5,62.6,51.3,True,51358,-3.0,5.68,26.34,803283,49321576200
2026-03-24,353200,대덕전자,코스피200,SELL,청산,"장대음봉 -4.3% → 2026-03-23 종가신호, 시가 체결",82600,,,2026-03-19,72400,3,14.09,55.5,6.7,0,6.7,0.0,20.8,23.8,62.3,56.4,True,63980,-2.02,15.48,29.12,1250093,97007216800
2026-03-24,010120,LS ELECTRIC,코스피200,SELL,청산,"장대음봉 -7.1% → 2026-03-23 종가신호, 시가 체결",172400,,,2026-03-23,170800,1,0.94,36.6,9.0,0,8.98,0.0,-8.2,26.0,60.4,52.3,True,145040,-1.22,6.69,12.6,983010,159837426000
2026-03-24,089970,브이엠,코스닥150,SELL,청산,"청선 10.3 — 8.0선 초과 급이탈 → 2026-03-23 종가신호, 시가 체결",46400,,,2026-03-23,45000,1,3.11,72.9,3.9,1,3.94,0.0,21.7,22.9,61.8,60.7,True,38621,6.1,14.37,35.5,456440,21429858000
2026-03-24,082920,비츠로셀,코스닥150,SELL,청산,"청선 6.2 — 5선 이탈 → 2026-03-23 종가신호, 시가 체결",30000,,,2026-03-23,28800,1,4.17,70.1,0.0,1,0.0,0.0,38.8,31.7,69.3,50.2,True,23230,12.01,29.56,52.93,4200722,137153573300
2026-03-24,007660,이수페타시스,코스피200,SELL,청산,"청선 12.1 — 8.0선 초과 급이탈 → 2026-03-23 종가신호, 시가 체결",123300,,,2026-03-23,121600,1,1.4,21.7,7.7,0,7.74,0.0,6.0,4.8,52.6,51.5,True,112840,4.07,5.16,12.13,1008600,121233720000
2026-03-24,489790,한화비전,코스피200,SELL,청산,"청선 9.0 — 8.0선 초과 급이탈 → 2026-03-23 종가신호, 시가 체결",84000,,,2026-03-23,83900,1,0.12,40.4,5.3,0,5.3,0.0,-1.7,17.8,57.9,44.9,True,74166,3.49,7.93,34.09,1166693,96835519000
2026-03-24,281820,케이씨텍,코스피200,SELL,청산,"청선 12.8 — 8.0선 초과 급이탈 → 2026-03-23 종가신호, 시가 체결",47250,,,2026-03-23,47850,1,-1.25,17.6,10.3,0,10.34,0.0,-1.6,4.8,50.7,55.8,True,46808,2.2,-1.38,-3.33,144770,6717328000
2026-03-24,458870,씨어스,코스닥150,SELL,손절,장중 손절 -7.0% (기준 -7.0%),55364,,,2026-03-23,59532,1,-7.0,50.2,15.4,0,15.45,0.0,-2.5,18.7,53.8,53.6,True,51513,-10.49,-1.61,7.0,475536,25964265600
2026-03-27,010170,대한광통신,코스닥150,BUY,진입,2026-03-26 종가신호 73.2점 1위 → 시가 체결,8910,73.2,1,2026-03-27,8910,0,0.0,197.6,0.0,7,1.6,1.88,59.5,48.4,77.3,63.3,True,5749,0.0,25.0,127.11,22883725,212818642500
2026-03-27,010170,대한광통신,코스닥150,HOLD,주의,위꼬리 1.54,9300,,,2026-03-27,8910,1,4.38,197.6,0.0,7,1.6,1.88,59.5,48.4,77.3,63.3,True,5749,0.0,25.0,127.11,22883725,212818642500
2026-03-30,010170,대한광통신,코스닥150,SELL,손절,장중 손절 -7.0% (기준 -7.0%),8286,,,2026-03-27,8910,1,-7.0,162.1,13.0,0,13.0,0.0,26.9,44.9,65.7,52.1,True,5918,-11.51,11.97,91.62,21512496,177047842080
2026-03-31,443060,HD현대마린솔루션,코스피200,BUY,진입,2026-03-30 종가신호 55.5점 1위 → 시가 체결,178000,55.5,1,2026-03-31,178000,0,0.0,12.9,4.0,6,3.61,1.06,-0.1,1.4,50.6,54.1,True,176696,0.73,-0.11,-1.32,126296,22682761600
2026-03-31,443060,HD현대마린솔루션,코스피200,HOLD,주의,위꼬리 1.31 · 청선 4.0 상승,179600,,,2026-03-31,178000,1,0.9,12.9,4.0,6,3.61,1.06,-0.1,1.4,50.6,54.1,True,176696,0.73,-0.11,-1.32,126296,22682761600
2026-04-01,443060,HD현대마린솔루션,코스피200,HOLD,주의,위꼬리 1.03,187600,,,2026-03-31,178000,2,5.39,17.9,0.0,7,3.09,1.6,3.9,3.3,54.8,62.6,True,177403,4.45,3.42,17.91,215968,40515596800
2026-04-03,443060,HD현대마린솔루션,코스피200,SELL,청산,"청선 10.2 — 8.0선 초과 급이탈 → 2026-04-02 종가신호, 시가 체결",173600,,,2026-03-31,178000,3,-2.47,12.1,5.2,0,5.16,0.0,-3.5,0.6,49.9,51.4,True,177536,4.82,-2.99,5.56,59795,10667428000
2026-04-10,014620,성광벤드,코스닥150,BUY,진입,2026-04-09 종가신호 63.4점 1위 → 시가 체결,39900,63.4,1,2026-04-10,39900,0,0.0,32.7,1.3,6,2.46,1.68,0.7,15.2,60.0,49.3,True,35238,2.71,0.51,12.43,299975,11939005000
2026-04-10,014620,성광벤드,코스닥150,HOLD,주의,위꼬리 8.0,39800,,,2026-04-10,39900,1,-0.25,32.7,1.3,6,2.46,1.68,0.7,15.2,60.0,49.3,True,35238,2.71,0.51,12.43,299975,11939005000
2026-04-13,020150,롯데에너지머티리얼즈,코스피200,BUY,진입,2026-04-10 종가신호 84.1점 1위 → 시가 체결,48600,84.1,1,2026-04-13,48600,0,0.0,42.4,3.8,6,1.43,1.32,5.7,15.8,59.6,54.9,True,40511,-3.66,4.18,30.08,411882,19502612700
2026-04-13,450080,에코프로머티,코스피200,BUY,진입,2026-04-10 종가신호 59.7점 2위 → 시가 체결,73200,59.7,2,2026-04-13,73200,0,0.0,28.4,7.9,0,7.89,0.0,3.8,9.8,52.7,36.3,True,67710,-3.53,3.05,14.7,781588,55492748000
2026-04-13,014620,성광벤드,코스닥150,HOLD,정상,조건 유지,41000,,,2026-04-10,39900,2,2.76,36.7,0.0,7,2.11,1.78,2.3,17.1,62.1,54.6,True,35438,3.02,1.74,23.68,294128,12059248000
2026-04-13,020150,롯데에너지머티리얼즈,코스피200,HOLD,주의,위꼬리 2.16 · 청선 3.8 상승,47350,,,2026-04-13,48600,1,-2.57,42.4,3.8,6,1.43,1.32,5.7,15.8,59.6,54.9,True,40511,-3.66,4.18,30.08,411882,19502612700
2026-04-14,450080,에코프로머티,코스피200,SELL,청산,"청선 7.9 — 5선 이탈 → 2026-04-13 종가신호, 시가 체결",72600,,,2026-04-13,73200,1,-0.82,27.3,8.8,0,8.81,0.0,-4.9,8.7,52.0,35.0,True,67796,-0.85,-3.69,13.73,817841,57576006400
2026-04-14,298020,효성티앤씨,코스피200,BUY,진입,2026-04-13 종가신호 73.3점 1위 → 시가 체결,512000,73.3,1,2026-04-14,512000,0,0.0,62.4,1.2,5,1.05,1.56,34.9,22.9,66.3,63.3,True,382616,-1.2,27.34,42.53,43227,21440592000
2026-04-14,127120,제이에스링크,코스닥150,BUY,진입,2026-04-13 종가신호 67.1점 2위 → 시가 체결,44700,67.1,2,2026-04-14,44700,0,0.0,48.2,0.0,4,0.55,0.95,22.8,23.5,68.9,63.3,True,39148,7.13,18.23,18.23,235132,11133500200
2026-04-14,020150,롯데에너지머티리얼즈,코스피200,SELL,손절,장중 손절 -7.0% (기준 -7.0%),45198,,,2026-04-13,48600,1,-7.0,38.3,6.8,0,6.85,0.0,1.5,15.6,56.9,52.7,True,40706,-2.85,1.1,25.0,331757,15260822000
2026-04-14,298020,효성티앤씨,코스피200,HOLD,정상,조건 유지,496000,,,2026-04-14,512000,1,-3.12,62.4,1.2,5,1.05,1.56,34.9,22.9,66.3,63.3,True,382616,-1.2,27.34,42.53,43227,21440592000
2026-04-14,127120,제이에스링크,코스닥150,HOLD,정상,조건 유지,47350,,,2026-04-14,44700,1,5.93,48.2,0.0,4,0.55,0.95,22.8,23.5,68.9,63.3,True,39148,7.13,18.23,18.23,235132,11133500200
2026-04-15,014620,성광벤드,코스닥150,SELL,청산,"장대음봉 -4.6% → 2026-04-14 종가신호, 시가 체결",39550,,,2026-04-10,39900,3,-0.88,28.7,6.2,0,6.22,0.0,-0.2,15.8,55.8,49.0,True,35880,-1.28,-0.13,18.77,230608,8901468800
2026-04-15,028300,HLB,코스닥150,BUY,진입,2026-04-14 종가신호 81.3점 1위 → 시가 체결,64000,81.3,1,2026-04-15,64000,0,0.0,49.2,0.0,7,0.52,1.27,29.1,24.1,72.4,69.9,True,52420,8.77,24.23,32.94,1910866,130321061200
2026-04-15,298020,효성티앤씨,코스피200,HOLD,주의,위꼬리 27.0,500000,,,2026-04-14,512000,2,-2.34,63.7,0.4,6,0.94,1.45,29.8,25.3,66.8,58.8,True,388550,0.81,22.25,26.74,70935,35467500000
2026-04-15,127120,제이에스링크,코스닥150,HOLD,주의,위꼬리 0.8,48900,,,2026-04-14,44700,2,9.4,53.1,0.0,5,0.44,0.88,29.9,27.5,70.7,66.4,True,39713,3.27,24.27,26.52,123200,6024480000
2026-04-15,028300,HLB,코스닥150,HOLD,정상,조건 유지,68200,,,2026-04-15,64000,1,6.56,49.2,0.0,7,0.52,1.27,29.1,24.1,72.4,69.9,True,52420,8.77,24.23,32.94,1910866,130321061200
2026-04-16,161890,한국콜마,코스피200,BUY,진입,2026-04-15 종가신호 70.7점 2위 → 시가 체결,83300,70.7,2,2026-04-16,83300,0,0.0,31.6,0.0,7,1.54,1.55,9.5,20.0,64.2,55.7,True,75493,2.05,7.78,21.06,198037,16734126500
2026-04-16,097950,CJ제일제당,코스피200,BUY,진입,2026-04-15 종가신호 60.7점 3위 → 시가 체결,234500,60.7,3,2026-04-16,234500,0,0.0,25.0,1.3,12,1.98,1.89,2.6,23.9,61.5,54.9,True,216380,1.71,2.15,18.75,51025,12118437500
2026-04-16,298040,효성중공업,코스피200,BUY,진입,2026-04-15 종가신호 55.4점 4위 → 시가 체결,3007000,55.4,4,2026-04-16,3007000,0,0.0,30.2,2.3,7,1.92,1.23,4.7,15.5,58.8,49.7,True,2696066,0.84,3.75,11.03,30474,91117260000
2026-04-16,298020,효성티앤씨,코스피200,HOLD,주의,위꼬리 1.2,500000,,,2026-04-14,512000,3,-2.34,63.7,0.4,7,0.86,1.35,15.1,27.2,66.8,57.8,True,394033,0.0,10.13,28.7,51377,25688500000
2026-04-16,127120,제이에스링크,코스닥150,HOLD,주의,청선 3.7 상승,47150,,,2026-04-14,44700,3,5.48,47.6,3.7,6,0.98,1.46,19.2,28.7,66.1,62.6,True,40083,-3.58,15.0,20.13,162897,7680593550
2026-04-16,161890,한국콜마,코스피200,HOLD,정상,조건 유지,84500,,,2026-04-16,83300,1,1.44,31.6,0.0,7,1.54,1.55,9.5,20.0,64.2,55.7,True,75493,2.05,7.78,21.06,198037,16734126500
2026-04-16,097950,CJ제일제당,코스피200,HOLD,정상,조건 유지,237500,,,2026-04-16,234500,1,1.28,25.0,1.3,12,1.98,1.89,2.6,23.9,61.5,54.9,True,216380,1.71,2.15,18.75,51025,12118437500
2026-04-16,298040,효성중공업,코스피200,HOLD,정상,조건 유지,2990000,,,2026-04-16,3007000,1,-0.57,30.2,2.3,7,1.92,1.23,4.7,15.5,58.8,49.7,True,2696066,0.84,3.75,11.03,30474,91117260000
2026-04-17,028300,HLB,코스닥150,SELL,청산,"장대음봉 -6.6% → 2026-04-16 종가신호, 시가 체결",63700,,,2026-04-15,64000,2,-0.47,29.8,8.8,0,8.77,0.0,5.5,25.2,61.7,64.3,True,53253,-1.57,10.39,21.28,867341,54382280700
2026-04-17,047040,대우건설,코스피200,BUY,진입,2026-04-16 종가신호 81.5점 1위 → 시가 체결,28600,81.5,1,2026-04-17,28600,0,0.0,236.1,0.0,8,0.72,1.27,14.2,47.2,77.1,61.6,True,17725,0.35,18.11,50.18,28742945,824922521500
2026-04-17,267260,HD현대일렉트릭,코스피200,BUY,진입,2026-04-16 종가신호 77.8점 2위 → 시가 체결,1080000,77.8,2,2026-04-17,1080000,0,0.0,30.6,0.0,4,0.26,0.45,10.6,15.9,62.5,56.1,True,950066,0.18,8.81,13.35,132742,144290554000
2026-04-17,008770,호텔신라,코스피200,BUY,진입,2026-04-16 종가신호 77.3점 4위 → 시가 체결,53500,77.3,4,2026-04-17,53500,0,0.0,30.9,1.7,8,1.34,1.31,6.9,20.0,63.6,63.2,True,45205,-1.67,5.59,18.88,257723,13633546700
2026-04-17,007810,코리아써키트,코스피200,BUY,진입,2026-04-16 종가신호 73.5점 5위 → 시가 체결,90700,73.5,5,2026-04-17,90700,0,0.0,83.4,2.5,4,1.25,1.25,5.8,26.1,64.0,55.4,True,69816,-2.4,11.49,38.24,266821,23827115300
2026-04-17,007070,GS리테일,코스피200,BUY,진입,2026-04-16 종가신호 72.2점 6위 → 시가 체결,23650,72.2,6,2026-04-17,23650,0,0.0,26.8,1.3,5,0.62,0.78,6.8,20.2,61.7,68.6,True,21061,-1.27,5.64,14.43,110051,2575193400
2026-04-17,298020,효성티앤씨,코스피200,HOLD,정상,조건 유지,487500,,,2026-04-14,512000,4,-4.79,59.6,3.0,8,1.13,1.45,7.7,27.6,63.9,54.9,True,399383,-2.5,5.06,32.83,41013,19993837500
2026-04-17,161890,한국콜마,코스피200,HOLD,주의,위꼬리 1.58,86800,,,2026-04-16,83300,2,4.2,30.9,0.0,8,1.34,1.53,8.0,23.0,66.7,54.7,True,76053,2.72,10.01,13.17,378390,32844252000
2026-04-17,097950,CJ제일제당,코스피200,HOLD,주의,위꼬리 999.0,237000,,,2026-04-16,234500,2,1.07,24.7,1.5,13,1.94,1.82,-0.8,23.8,61.1,61.6,True,217750,-0.21,-0.63,11.79,41813,9909681000
2026-04-17,047040,대우건설,코스피200,HOLD,주의,위꼬리 7.0,28700,,,2026-04-17,28600,1,0.35,236.1,0.0,8,0.72,1.27,14.2,47.2,77.1,61.6,True,17725,0.35,18.11,50.18,28742945,824922521500
2026-04-17,267260,HD현대일렉트릭,코스피200,HOLD,주의,위꼬리 2.71,1087000,,,2026-04-17,1080000,1,0.65,30.6,0.0,4,0.26,0.45,10.6,15.9,62.5,56.1,True,950066,0.18,8.81,13.35,132742,144290554000
2026-04-17,008770,호텔신라,코스피200,HOLD,정상,조건 유지,52900,,,2026-04-17,53500,1,-1.12,30.9,1.7,8,1.34,1.31,6.9,20.0,63.6,63.2,True,45205,-1.67,5.59,18.88,257723,13633546700
2026-04-17,007810,코리아써키트,코스피200,HOLD,주의,위꼬리 1.79,89300,,,2026-04-17,90700,1,-1.54,83.4,2.5,4,1.25,1.25,5.8,26.1,64.0,55.4,True,69816,-2.4,11.49,38.24,266821,23827115300
2026-04-17,007070,GS리테일,코스피200,HOLD,정상,조건 유지,23400,,,2026-04-17,23650,1,-1.06,26.8,1.3,5,0.62,0.78,6.8,20.2,61.7,68.6,True,21061,-1.27,5.64,14.43,110051,2575193400
2026-04-20,127120,제이에스링크,코스닥150,SELL,청산,"청선 5.4 — 5선 이탈 → 2026-04-17 종가신호, 시가 체결",45900,,,2026-04-14,44700,4,2.68,24.4,11.5,0,11.52,0.0,-13.9,26.2,58.1,57.3,True,40515,-5.5,-0.79,24.4,343916,15080716600
2026-04-20,298040,효성중공업,코스피200,SELL,청산,"적선 5일 기울기 -3.3 — 상승탄력 꺾임 → 2026-04-17 종가신호, 시가 체결",2991000,,,2026-04-16,3007000,2,-0.53,26.0,1.6,9,1.96,1.12,-7.1,16.4,59.3,44.4,True,2733500,1.01,-1.57,16.26,31421,94577210000
2026-04-20,000660,SK하이닉스,코스피200,BUY,진입,2026-04-17 종가신호 79.9점 1위 → 시가 체결,1148000,79.9,1,2026-04-20,1148000,0,0.0,44.5,0.0,5,0.48,0.96,15.6,19.1,63.0,63.5,True,979633,3.37,12.12,24.97,3748014,4370184324000
2026-04-20,094170,동운아나텍,코스닥150,BUY,진입,2026-04-17 종가신호 77.7점 2위 → 시가 체결,42250,77.7,2,2026-04-20,42250,0,0.0,68.1,0.0,5,0.59,1.18,53.0,31.2,75.1,70.0,True,29873,1.91,49.3,53.05,235501,10055892700
2026-04-20,298020,효성티앤씨,코스피200,HOLD,정상,조건 유지,525000,,,2026-04-14,512000,5,2.54,71.8,0.0,9,1.0,1.41,7.5,29.7,68.2,56.5,True,406700,7.69,4.58,37.8,50224,26367600000
2026-04-20,161890,한국콜마,코스피200,HOLD,주의,위꼬리 4.0,87000,,,2026-04-16,83300,3,4.44,31.2,0.0,9,1.19,1.51,3.7,25.5,66.9,57.4,True,76743,0.23,6.23,13.43,148824,12947688000
2026-04-20,097950,CJ제일제당,코스피200,HOLD,주의,위꼬리 1.5,236500,,,2026-04-16,234500,3,0.85,24.5,1.7,14,1.92,1.75,-2.1,23.5,60.6,61.3,True,219300,-0.21,-1.66,14.25,28007,6623655500
2026-04-20,047040,대우건설,코스피200,HOLD,주의,위꼬리 3.0,28100,,,2026-04-17,28600,2,-1.75,220.4,2.1,9,0.87,1.28,5.8,47.8,74.9,60.4,True,18368,-2.09,18.32,64.71,17633319,495496263900
2026-04-20,267260,HD현대일렉트릭,코스피200,HOLD,주의,위꼬리 0.86,1087000,,,2026-04-17,1080000,2,0.65,30.6,0.0,5,0.21,0.42,9.6,17.9,62.5,58.2,True,956066,0.0,7.94,19.06,115237,125262619000
2026-04-20,008770,호텔신라,코스피200,HOLD,주의,위꼬리 1.17,53300,,,2026-04-17,53500,2,-0.37,31.9,0.9,9,1.29,1.24,11.8,22.1,64.2,61.5,True,45635,0.76,9.78,27.82,292877,15610344100
2026-04-20,007810,코리아써키트,코스피200,HOLD,주의,위꼬리 0.88,90600,,,2026-04-17,90700,2,-0.11,86.0,1.0,5,1.2,1.12,10.4,26.9,64.7,55.2,True,71213,1.46,14.39,49.01,202089,18309263400
2026-04-20,007070,GS리테일,코스피200,HOLD,주의,위꼬리 999.0,23600,,,2026-04-17,23650,2,-0.21,27.8,0.4,6,0.59,0.71,8.4,21.7,62.7,64.3,True,21232,0.85,7.03,17.12,170306,4019221600
2026-04-20,000660,SK하이닉스,코스피200,HOLD,정상,조건 유지,1166000,,,2026-04-20,1148000,1,1.57,44.5,0.0,5,0.48,0.96,15.6,19.1,63.0,63.5,True,979633,3.37,12.12,24.97,3748014,4370184324000
2026-04-20,094170,동운아나텍,코스닥150,HOLD,주의,위꼬리 2.0,42700,,,2026-04-20,42250,1,1.07,68.1,0.0,5,0.59,1.18,53.0,31.2,75.1,70.0,True,29873,1.91,49.3,53.05,235501,10055892700
2026-04-21,298020,효성티앤씨,코스피200,HOLD,주의,위꼬리 10.0,527000,,,2026-04-14,512000,6,2.93,72.5,0.0,10,0.9,1.37,10.1,31.4,68.4,54.9,True,413266,0.38,6.25,34.44,41453,21845731000
2026-04-21,161890,한국콜마,코스피200,HOLD,정상,조건 유지,86300,,,2026-04-16,83300,4,3.6,30.2,0.8,10,1.16,1.43,5.6,26.7,65.4,55.0,True,77286,-0.8,7.88,10.36,152277,13141505100
2026-04-21,097950,CJ제일제당,코스피200,HOLD,주의,위꼬리 1.5,237500,,,2026-04-16,234500,4,1.28,25.0,1.3,15,1.88,1.7,1.6,23.6,61.2,55.6,True,220723,0.42,1.28,9.2,49498,11755775000
2026-04-21,047040,대우건설,코스피200,HOLD,정상,조건 유지,32850,,,2026-04-17,28600,3,14.86,272.9,0.0,10,0.79,1.24,61.6,50.6,79.8,64.1,True,19147,16.9,39.79,100.3,94558241,3106238216850
2026-04-21,267260,HD현대일렉트릭,코스피200,HOLD,주의,위꼬리 0.67,1058000,,,2026-04-17,1080000,3,-2.04,27.2,2.7,6,0.63,1.02,-0.4,18.2,58.8,52.2,True,959966,-2.67,-0.28,14.38,197856,209331648000
2026-04-21,008770,호텔신라,코스피200,HOLD,주의,위꼬리 17.0,53900,,,2026-04-17,53500,3,0.75,33.4,0.0,10,1.16,1.24,13.2,24.1,65.2,56.9,True,46035,1.13,11.02,25.06,345256,18609298400
2026-04-21,007070,GS리테일,코스피200,HOLD,주의,위꼬리 999.0,23350,,,2026-04-17,23650,3,-1.27,26.5,1.5,7,0.72,0.73,3.3,21.9,60.6,68.1,True,21368,-1.06,2.64,14.18,103172,2409066200
2026-04-21,000660,SK하이닉스,코스피200,HOLD,정상,조건 유지,1224000,,,2026-04-20,1148000,2,6.62,51.7,0.0,6,0.4,0.89,15.0,21.9,65.8,66.2,True,989166,4.97,10.97,24.14,3516960,4304759040000
2026-04-21,094170,동운아나텍,코스닥150,HOLD,정상,조건 유지,42400,,,2026-04-20,42250,2,0.36,66.9,0.7,6,0.61,1.08,44.6,35.6,74.2,74.1,True,30356,-0.7,39.47,43.49,326383,13838639200
2026-04-22,007810,코리아써키트,코스피200,SELL,청산,"적선 5일 기울기 -13.6 — 상승탄력 꺾임 → 2026-04-21 종가신호, 시가 체결",90500,,,2026-04-17,90700,3,-0.22,85.6,0.0,7,1.16,1.11,-7.1,28.7,66.9,60.0,True,73860,6.47,9.78,20.0,389931,37199417400
2026-04-22,006400,삼성SDI,코스피200,BUY,진입,2026-04-21 종가신호 89.2점 1위 → 시가 체결,686000,89.2,1,2026-04-22,686000,0,0.0,75.0,0.0,13,0.8,1.03,40.8,50.4,83.3,69.2,True,449233,2.17,39.92,63.12,1727542,1138450178000
2026-04-22,298020,효성티앤씨,코스피200,HOLD,주의,위꼬리 13.0,531000,,,2026-04-14,512000,7,3.71,60.9,0.0,11,0.82,1.33,-2.8,33.0,68.9,51.6,True,418966,0.76,6.2,37.92,31727,16847037000
2026-04-22,097950,CJ제일제당,코스피200,HOLD,정상,조건 유지,234000,,,2026-04-16,234500,5,-0.21,20.1,2.8,15,1.74,1.54,-2.8,22.3,57.8,49.3,True,221886,-1.47,0.21,6.85,44386,10386324000
2026-04-22,267260,HD현대일렉트릭,코스피200,HOLD,정상,조건 유지,1090000,,,2026-04-17,1080000,4,0.93,31.0,0.0,7,0.54,0.97,4.8,19.5,61.5,57.2,True,965000,3.02,3.81,9.88,157761,171959490000
2026-04-22,008770,호텔신라,코스피200,HOLD,정상,조건 유지,55700,,,2026-04-17,53500,4,4.11,33.6,0.0,11,1.06,1.23,10.2,26.9,67.9,63.7,True,46455,3.34,11.74,30.44,583789,32517047300
2026-04-22,007070,GS리테일,코스피200,HOLD,주의,위꼬리 5.0,23150,,,2026-04-17,23650,4,-2.11,22.1,2.4,8,0.92,0.88,-2.0,21.5,59.0,69.4,True,21495,-0.86,1.09,12.38,99326,2299396900
2026-04-22,000660,SK하이닉스,코스피200,HOLD,주의,위꼬리 1.5,1223000,,,2026-04-20,1148000,3,6.53,51.5,0.1,7,0.35,0.83,10.8,24.0,65.7,66.7,True,998100,-0.08,7.66,22.91,2894919,3540485937000
2026-04-22,094170,동운아나텍,코스닥150,HOLD,정상,조건 유지,44550,,,2026-04-20,42250,3,5.44,69.4,0.0,7,0.52,1.02,32.8,40.0,76.4,76.0,True,30881,5.07,31.22,50.51,211000,9400050000
2026-04-22,006400,삼성SDI,코스피200,HOLD,정상,조건 유지,659000,,,2026-04-22,686000,1,-3.94,75.0,0.0,13,0.8,1.03,40.8,50.4,83.3,69.2,True,449233,2.17,39.92,63.12,1727542,1138450178000
2026-04-23,161890,한국콜마,코스피200,SELL,청산,"적선 5일 기울기 -3.6 — 상승탄력 꺾임 → 2026-04-22 종가신호, 시가 체결",89000,,,2026-04-16,83300,5,6.84,26.8,0.0,12,0.96,1.38,-4.8,29.7,67.4,53.8,True,78416,1.15,4.14,13.7,203911,17944168000
2026-04-23,047040,대우건설,코스피200,SELL,청산,"적선 5일 기울기 -33.8 — 상승탄력 꺾임 → 2026-04-22 종가신호, 시가 체결",34250,,,2026-04-17,28600,4,19.76,234.2,0.0,12,0.73,1.15,-44.6,53.7,79.4,65.5,True,20660,2.15,16.26,109.12,38508390,1280403967500
2026-04-23,007660,이수페타시스,코스피200,BUY,진입,2026-04-22 종가신호 84.9점 2위 → 시가 체결,155700,84.9,2,2026-04-23,155700,0,0.0,53.3,7.5,0,7.46,0.0,28.1,21.3,63.4,63.1,True,118596,-6.94,22.41,30.61,2227194,334524538800
2026-04-23,009540,HD한국조선해양,코스피200,BUY,진입,2026-04-22 종가신호 74.4점 3위 → 시가 체결,462000,74.4,3,2026-04-23,462000,0,0.0,34.0,0.4,6,1.47,1.57,15.4,15.8,64.2,66.8,True,395016,-0.43,12.99,22.93,334941,154407801000
2026-04-23,006400,삼성SDI,코스피200,SELL,손절,장중 손절 -7.0% (기준 -7.0%),637980,,,2026-04-22,686000,1,-7.0,67.3,4.6,14,1.08,1.39,31.0,51.4,75.9,66.6,True,456900,-4.4,31.66,58.89,1204489,758828070000
2026-04-23,267260,HD현대일렉트릭,코스피200,HOLD,주의,위꼬리 2.86,1129000,,,2026-04-17,1080000,5,4.54,35.7,0.0,8,0.47,0.92,5.3,21.7,64.4,55.6,True,971166,3.58,4.06,16.99,197505,222983145000
2026-04-23,008770,호텔신라,코스피200,HOLD,정상,조건 유지,56700,,,2026-04-17,53500,5,5.98,36.0,0.0,12,0.97,1.21,2.8,29.7,69.3,65.7,True,46873,1.8,5.39,35.16,492433,27920951100
2026-04-23,000660,SK하이닉스,코스피200,HOLD,주의,위꼬리 8.4,1225000,,,2026-04-20,1148000,4,6.71,51.8,0.0,8,0.31,0.79,8.7,25.7,65.8,62.7,True,1007933,0.16,6.06,31.3,5343871,6546241975000
2026-04-23,094170,동운아나텍,코스닥150,HOLD,주의,위꼬리 1.41,43500,,,2026-04-20,42250,4,2.96,65.4,2.4,8,0.76,1.14,13.3,41.9,73.1,71.3,True,31405,-2.36,15.08,49.48,279833,12172735500
2026-04-23,009540,HD한국조선해양,코스피200,HOLD,주의,위꼬리 2.0,461000,,,2026-04-23,462000,1,-0.22,34.0,0.4,6,1.47,1.57,15.4,15.8,64.2,66.8,True,395016,-0.43,12.99,22.93,334941,154407801000
2026-04-24,298020,효성티앤씨,코스피200,SELL,청산,"적선 5일 기울기 -4.7 — 상승탄력 꺾임 → 2026-04-23 종가신호, 시가 체결",531000,,,2026-04-14,512000,8,3.71,58.9,0.2,13,0.72,1.25,-0.7,35.1,68.6,48.7,True,431100,0.0,8.72,32.0,40114,21260420000
2026-04-24,097950,CJ제일제당,코스피200,SELL,청산,"적선 5일 기울기 -5.7 — 상승탄력 꺾임 → 2026-04-23 종가신호, 시가 체결",235000,,,2026-04-16,234500,6,0.21,18.4,1.9,15,1.64,1.25,-6.3,21.4,58.7,59.5,True,224293,-0.63,-0.42,10.02,44324,10460464000
2026-04-24,007070,GS리테일,코스피200,SELL,청산,"적선 5일 기울기 -3.9 — 상승탄력 꺾임 → 2026-04-23 종가신호, 시가 체결",23450,,,2026-04-17,23650,5,-0.85,22.9,1.7,10,0.95,0.84,-3.9,21.6,59.0,62.7,True,21791,-1.27,-0.43,9.65,74250,1730025000
2026-04-24,007660,이수페타시스,코스피200,SELL,청산,"장대음봉 -6.9% → 2026-04-23 종가신호, 시가 체결",153900,,,2026-04-23,155700,1,-1.16,56.5,5.2,0,5.22,0.0,33.8,23.4,64.4,65.6,True,120140,2.13,27.51,38.82,1294903,198638120200
2026-04-24,011070,LG이노텍,코스피200,BUY,진입,2026-04-23 종가신호 92.1점 1위 → 시가 체결,537000,92.1,1,2026-04-24,537000,0,0.0,116.8,0.0,9,0.4,0.83,59.2,46.0,80.0,66.1,True,349016,8.4,37.56,69.11,486132,263483544000
2026-04-24,373220,LG에너지솔루션,코스피200,BUY,진입,2026-04-23 종가신호 81.2점 2위 → 시가 체결,473000,81.2,2,2026-04-24,473000,0,0.0,35.1,0.7,8,1.21,1.4,17.7,25.4,65.7,66.9,True,408500,3.11,15.07,21.93,402718,193707358000
2026-04-24,037460,삼지전자,코스닥150,BUY,진입,2026-04-23 종가신호 75.8점 3위 → 시가 체결,35000,75.8,3,2026-04-24,35000,0,0.0,54.1,2.9,13,1.1,1.49,-4.2,34.7,67.1,68.0,True,27598,-2.85,8.27,33.01,197858,6737064900
2026-04-24,082740,한화엔진,코스피200,BUY,진입,2026-04-23 종가신호 74.9점 4위 → 시가 체결,71600,74.9,4,2026-04-24,71600,0,0.0,75.3,0.0,7,1.16,1.87,45.9,38.1,78.3,70.8,True,50200,8.42,35.47,62.92,3055598,232225448000
2026-04-24,204270,제이앤티씨,코스닥150,BUY,진입,2026-04-23 종가신호 66.5점 5위 → 시가 체결,19380,66.5,5,2026-04-24,19380,0,0.0,36.8,0.0,7,0.54,0.5,6.4,10.1,58.7,47.8,True,17326,3.52,4.94,17.74,186366,3723592680
2026-04-24,267260,HD현대일렉트릭,코스피200,HOLD,정상,조건 유지,1248000,,,2026-04-17,1080000,6,15.56,50.0,0.0,9,0.42,0.88,19.4,27.1,71.4,63.1,True,981800,10.54,14.81,36.39,280050,349502400000
2026-04-24,008770,호텔신라,코스피200,HOLD,정상,조건 유지,62300,,,2026-04-17,53500,6,16.45,49.4,0.0,13,0.89,1.19,18.5,35.2,75.6,71.7,True,47540,9.88,17.77,31.3,2026846,126272505800
2026-04-24,000660,SK하이닉스,코스피200,HOLD,정상,조건 유지,1222000,,,2026-04-20,1148000,5,6.45,51.4,0.2,9,0.3,0.74,11.6,27.0,65.5,64.5,True,1018333,-0.24,8.33,32.54,3127857,3822241254000
2026-04-24,094170,동운아나텍,코스닥150,HOLD,정상,조건 유지,44800,,,2026-04-20,42250,5,6.04,70.3,0.0,9,0.68,1.1,5.4,44.0,74.6,73.0,True,31998,2.99,6.92,46.17,138297,6195705600
2026-04-24,009540,HD한국조선해양,코스피200,HOLD,정상,조건 유지,476000,,,2026-04-23,462000,2,3.03,38.4,0.0,7,1.26,1.54,16.4,20.0,66.7,72.6,True,397016,3.25,13.47,29.7,267625,127389500000
2026-04-24,011070,LG이노텍,코스피200,HOLD,주의,위꼬리 5.2,542000,,,2026-04-24,537000,1,0.93,116.8,0.0,9,0.4,0.83,59.2,46.0,80.0,66.1,True,349016,8.4,37.56,69.11,486132,263483544000
2026-04-24,373220,LG에너지솔루션,코스피200,HOLD,주의,위꼬리 0.62,481000,,,2026-04-24,473000,1,1.69,35.1,0.7,8,1.21,1.4,17.7,25.4,65.7,66.9,True,408500,3.11,15.07,21.93,402718,193707358000
2026-04-24,082740,한화엔진,코스피200,HOLD,주의,위꼬리 0.82,76000,,,2026-04-24,71600,1,6.15,75.3,0.0,7,1.16,1.87,45.9,38.1,78.3,70.8,True,50200,8.42,35.47,62.92,3055598,232225448000
2026-04-24,204270,제이앤티씨,코스닥150,HOLD,정상,조건 유지,19980,,,2026-04-24,19380,1,3.1,36.8,0.0,7,0.54,0.5,6.4,10.1,58.7,47.8,True,17326,3.52,4.94,17.74,186366,3723592680
2026-04-27,037460,삼지전자,코스닥150,SELL,청산,"적선 5일 기울기 -4.2 — 상승탄력 꺾임 → 2026-04-24 종가신호, 시가 체결",33700,,,2026-04-24,35000,1,-3.71,53.6,3.2,14,1.26,1.54,-17.5,34.7,66.7,67.3,True,27986,-0.29,-0.15,40.29,182663,6201408850
2026-04-27,241560,두산밥캣,코스피200,BUY,진입,2026-04-24 종가신호 87.1점 1위 → 시가 체결,76400,87.1,1,2026-04-27,76400,0,0.0,34.4,0.0,14,0.31,0.56,9.2,32.9,70.2,58.7,True,65343,0.66,7.75,31.44,321010,24557265000
2026-04-27,267260,HD현대일렉트릭,코스피200,HOLD,주의,위꼬리 3.0,1306000,,,2026-04-17,1080000,7,20.93,57.0,0.0,10,0.38,0.85,26.3,32.5,74.1,63.5,True,995166,4.65,20.15,49.77,254572,332471032000
2026-04-27,008770,호텔신라,코스피200,HOLD,주의,위꼬리 2.11,65900,,,2026-04-17,53500,7,23.18,58.0,0.0,14,0.83,1.17,26.1,41.0,78.6,69.5,True,48311,5.78,23.64,46.28,1617057,106564056300
2026-04-27,000660,SK하이닉스,코스피200,HOLD,주의,위꼬리 0.64,1292000,,,2026-04-20,1148000,6,12.54,60.1,0.0,10,0.27,0.71,15.6,29.5,69.0,65.0,True,1028933,5.73,10.81,48.0,4563073,5895490316000
2026-04-27,094170,동운아나텍,코스닥150,HOLD,주의,위꼬리 0.56,46600,,,2026-04-20,42250,6,10.3,77.2,0.0,10,0.61,1.07,9.1,46.4,76.4,72.0,True,32668,4.02,9.13,51.54,176775,8237715000
2026-04-27,009540,HD한국조선해양,코스피200,HOLD,주의,위꼬리 1.33,479000,,,2026-04-23,462000,3,3.68,39.2,0.0,8,1.1,1.5,19.2,23.5,67.2,72.1,True,399333,0.63,15.98,38.04,219985,105372815000
2026-04-27,011070,LG이노텍,코스피200,HOLD,주의,위꼬리 1.17,536000,,,2026-04-24,537000,2,-0.19,114.4,1.1,10,0.47,0.82,50.6,48.9,78.4,66.3,True,358416,-1.11,30.89,74.03,420637,225461432000
2026-04-27,373220,LG에너지솔루션,코스피200,HOLD,주의,청선 4.4 상승,464000,,,2026-04-24,473000,2,-1.9,30.3,4.4,9,1.57,1.66,9.8,24.9,60.7,62.1,True,411766,-3.53,8.16,13.17,433687,201230768000
2026-04-27,082740,한화엔진,코스피200,HOLD,주의,위꼬리 0.81,88500,,,2026-04-24,71600,2,23.6,104.2,0.0,8,1.01,1.79,78.9,46.9,83.3,70.4,True,51526,16.45,62.98,98.43,3604536,319001436000
2026-04-27,204270,제이앤티씨,코스닥150,HOLD,주의,위꼬리 0.86,21100,,,2026-04-24,19380,2,8.88,44.5,0.0,8,0.48,0.5,12.8,13.9,62.9,48.6,True,17442,5.61,9.72,29.21,485006,10233626600
2026-04-27,241560,두산밥캣,코스피200,HOLD,주의,위꼬리 7.0,76500,,,2026-04-27,76400,1,0.13,34.4,0.0,14,0.31,0.56,9.2,32.9,70.2,58.7,True,65343,0.66,7.75,31.44,321010,24557265000
2026-04-28,008770,호텔신라,코스피200,HOLD,정상,조건 유지,69400,,,2026-04-17,53500,8,29.72,66.4,0.0,15,0.78,1.15,33.0,46.7,81.0,73.8,True,49196,5.31,28.76,57.73,1213226,84197884400
2026-04-28,000660,SK하이닉스,코스피200,HOLD,주의,위꼬리 1.15,1300000,,,2026-04-20,1148000,7,13.24,61.1,0.0,11,0.25,0.68,9.4,31.7,69.4,63.6,True,1039933,0.62,6.21,61.09,3002713,3903526900000
2026-04-28,094170,동운아나텍,코스닥150,HOLD,정상,조건 유지,47850,,,2026-04-20,42250,7,13.25,81.9,0.0,11,0.55,1.03,15.0,48.8,77.6,71.1,True,33386,2.68,12.85,60.3,136240,6519084000
2026-04-28,009540,HD한국조선해양,코스피200,HOLD,주의,위꼬리 1.75,468500,,,2026-04-23,462000,4,1.41,36.2,2.2,9,1.23,1.46,11.9,24.9,63.7,67.8,True,400950,-2.19,9.59,36.19,195482,91583317000
2026-04-28,011070,LG이노텍,코스피200,HOLD,주의,위꼬리 2.11,577000,,,2026-04-24,537000,3,7.45,127.2,0.0,11,0.43,0.79,57.2,52.4,81.1,65.9,True,369133,7.65,35.76,96.59,410687,236966399000
2026-04-28,373220,LG에너지솔루션,코스피200,HOLD,주의,위꼬리 12.0,472000,,,2026-04-24,473000,3,-0.21,32.6,2.6,10,1.68,1.61,-1.7,25.1,62.1,62.9,True,414816,1.72,-1.26,19.65,431570,203701040000
2026-04-28,241560,두산밥캣,코스피200,HOLD,정상,조건 유지,76500,,,2026-04-27,76400,2,0.13,34.4,0.0,15,0.29,0.55,7.8,34.9,70.2,51.2,True,65926,0.0,6.55,34.45,416394,31854141000
2026-04-29,267260,HD현대일렉트릭,코스피200,SELL,청산,"장대음봉 -5.2% → 2026-04-28 종가신호, 시가 체결",1260000,,,2026-04-17,1080000,8,16.67,51.4,3.7,1,3.65,0.0,20.4,34.1,67.6,54.2,True,1014933,1.78,15.6,39.69,171099,215584740000
2026-04-29,082740,한화엔진,코스피200,SELL,청산,"청선 9.1 — 8.0선 초과 급이탈 → 2026-04-28 종가신호, 시가 체결",80100,,,2026-04-24,71600,3,11.87,102.3,0.9,1,0.91,0.0,46.6,48.7,75.6,65.9,True,53863,8.14,29.93,96.2,2557718,224311868600
2026-04-29,204270,제이앤티씨,코스닥150,SELL,청산,"장대음봉 -6.9% → 2026-04-28 종가신호, 시가 체결",19350,,,2026-04-24,19380,3,-0.15,35.8,6.4,0,6.4,0.0,2.1,13.8,56.0,45.5,True,17544,0.92,1.59,21.43,154956,3072777480
2026-04-29,103590,일진전기,코스피200,BUY,진입,2026-04-28 종가신호 90.0점 1위 → 시가 체결,111600,90.0,1,2026-04-29,111600,0,0.0,72.1,0.0,11,0.27,0.39,46.2,40.5,78.8,62.8,True,83693,7.17,36.69,59.04,1003436,120010945600
2026-04-29,483650,달바글로벌,코스피200,BUY,진입,2026-04-28 종가신호 88.4점 2위 → 시가 체결,243000,88.4,2,2026-04-29,243000,0,0.0,68.0,1.0,15,0.68,0.98,18.0,46.3,74.5,67.1,True,179350,1.27,11.97,56.29,116856,27870156000
2026-04-29,004800,효성,코스피200,BUY,진입,2026-04-28 종가신호 88.0점 3위 → 시가 체결,221000,88.0,3,2026-04-29,221000,0,0.0,74.7,1.1,11,0.35,0.72,50.2,39.2,76.6,58.1,True,155216,-1.1,40.31,62.56,94090,21123205000
2026-04-29,241560,두산밥캣,코스피200,SELL,손절,장중 손절 -7.0% (기준 -7.0%),71052,,,2026-04-27,76400,2,-7.0,30.9,2.7,15,0.47,0.8,2.8,34.3,64.6,55.1,True,66376,-2.61,2.19,19.01,505333,37647308500
2026-04-29,008770,호텔신라,코스피200,HOLD,주의,위꼬리 0.86,67700,,,2026-04-17,53500,9,26.54,62.4,2.5,15,0.8,1.18,28.8,48.8,76.6,68.5,True,49975,-2.45,21.54,53.17,529394,35839973800
2026-04-29,000660,SK하이닉스,코스피200,HOLD,주의,위꼬리 2.67,1293000,,,2026-04-20,1148000,8,12.63,60.2,0.5,12,0.27,0.66,8.7,33.1,68.6,61.2,True,1047833,-0.54,5.72,44.79,3001208,3880561944000
2026-04-29,094170,동운아나텍,코스닥150,HOLD,주의,위꼬리 6.33,47500,,,2026-04-20,42250,8,12.43,80.6,0.7,12,0.57,0.99,11.2,50.1,76.5,68.9,True,34071,-0.73,6.62,51.76,287024,13633640000
2026-04-29,009540,HD한국조선해양,코스피200,HOLD,주의,위꼬리 1.0,472000,,,2026-04-23,462000,5,2.16,37.2,1.5,10,1.25,1.39,2.6,26.2,64.4,71.6,True,402516,0.75,1.94,26.71,179965,84943480000
2026-04-29,011070,LG이노텍,코스피200,HOLD,주의,위꼬리 0.8,592000,,,2026-04-24,537000,4,10.24,131.7,0.0,12,0.39,0.77,31.7,55.4,82.0,67.4,True,379916,2.6,18.4,72.59,246944,146190848000
2026-04-29,103590,일진전기,코스피200,HOLD,정상,조건 유지,119600,,,2026-04-29,111600,1,7.17,72.1,0.0,11,0.27,0.39,46.2,40.5,78.8,62.8,True,83693,7.17,36.69,59.04,1003436,120010945600
2026-04-29,483650,달바글로벌,코스피200,HOLD,정상,조건 유지,238500,,,2026-04-29,243000,1,-1.85,68.0,1.0,15,0.68,0.98,18.0,46.3,74.5,67.1,True,179350,1.27,11.97,56.29,116856,27870156000
2026-04-29,004800,효성,코스피200,HOLD,주의,위꼬리 1.86,224500,,,2026-04-29,221000,1,1.58,74.7,1.1,11,0.35,0.72,50.2,39.2,76.6,58.1,True,155216,-1.1,40.31,62.56,94090,21123205000
2026-04-30,373220,LG에너지솔루션,코스피200,SELL,청산,"적선 5일 기울기 -3.2 — 상승탄력 꺾임 → 2026-04-29 종가신호, 시가 체결",471000,,,2026-04-24,473000,4,-0.42,29.4,5.2,0,5.21,0.0,-1.7,24.0,58.5,52.5,True,420783,-2.64,-1.29,13.84,485223,223445191500
2026-04-30,033100,제룡전기,코스닥150,BUY,진입,2026-04-29 종가신호 86.9점 3위 → 시가 체결,68400,86.9,3,2026-04-30,68400,0,0.0,61.8,0.0,12,0.42,0.74,35.9,35.9,76.1,61.9,True,50695,6.51,28.47,61.1,1462649,102970489600
2026-04-30,096770,SK이노베이션,코스피200,BUY,진입,2026-04-29 종가신호 86.2점 4위 → 시가 체결,146500,86.2,4,2026-04-30,146500,0,0.0,38.4,2.5,11,0.72,0.95,12.3,29.2,67.3,71.4,True,123030,-2.4,9.76,26.58,1134227,165823987400
2026-04-30,483650,달바글로벌,코스피200,SELL,손절,장중 손절 -7.0% (기준 -7.0%),225989,,,2026-04-29,243000,1,-7.0,59.2,6.6,0,6.64,0.0,-2.5,43.9,66.6,63.3,True,181720,-5.24,-1.53,53.53,171189,38688714000
2026-04-30,000660,SK하이닉스,코스피200,HOLD,정상,조건 유지,1286000,,,2026-04-20,1148000,9,12.02,59.4,1.1,13,0.33,0.67,7.6,34.0,67.8,53.8,True,1056933,-0.54,4.98,54.94,3342342,4298251812000
2026-04-30,094170,동운아나텍,코스닥150,HOLD,주의,위꼬리 5.0,51400,,,2026-04-20,42250,9,21.66,91.4,0.0,13,0.52,0.96,26.0,52.8,80.0,69.1,True,34890,8.21,18.16,76.03,412866,21221312400
2026-04-30,009540,HD한국조선해양,코스피200,HOLD,주의,위꼬리 1.82 · 청선 3.8 상승,461500,,,2026-04-23,462000,6,-0.11,34.2,3.8,11,1.48,1.51,0.1,25.9,60.9,65.4,True,404116,-2.22,0.11,31.67,161560,74559940000
2026-04-30,011070,LG이노텍,코스피200,HOLD,주의,위꼬리 0.69,573000,,,2026-04-24,537000,5,6.7,113.4,3.3,13,0.62,1.07,13.4,55.7,77.2,62.5,True,389483,-3.21,14.6,74.43,286326,164064798000
2026-04-30,103590,일진전기,코스피200,HOLD,주의,위꼬리 3.56,122500,,,2026-04-29,111600,2,9.77,76.3,0.0,12,0.25,0.39,44.2,45.5,79.8,61.6,True,85040,2.42,33.44,75.25,1230841,150778022500
2026-04-30,004800,효성,코스피200,HOLD,주의,위꼬리 0.67,228000,,,2026-04-29,221000,2,3.17,77.4,0.0,12,0.32,0.69,49.9,43.4,77.3,59.9,True,157983,1.56,39.11,73.78,90746,20690088000
2026-04-30,033100,제룡전기,코스닥150,HOLD,주의,위꼬리 0.8,70400,,,2026-04-30,68400,1,2.92,61.8,0.0,12,0.42,0.74,35.9,35.9,76.1,61.9,True,50695,6.51,28.47,61.1,1462649,102970489600
2026-04-30,096770,SK이노베이션,코스피200,HOLD,주의,위꼬리 5.0,146200,,,2026-04-30,146500,1,-0.2,38.4,2.5,11,0.72,0.95,12.3,29.2,67.3,71.4,True,123030,-2.4,9.76,26.58,1134227,165823987400
2026-05-04,008770,호텔신라,코스피200,SELL,청산,"청선 6.0 — 5선 이탈 → 2026-04-30 종가신호, 시가 체결",65900,,,2026-04-17,53500,10,23.18,55.4,7.1,0,7.1,0.0,6.0,46.4,69.6,63.0,True,51391,-1.07,4.01,50.35,477151,30919384800
2026-05-04,006400,삼성SDI,코스피200,BUY,진입,2026-04-30 종가신호 84.2점 1위 → 시가 체결,715000,84.2,1,2026-05-04,715000,0,0.0,87.3,1.0,15,1.35,1.49,17.0,56.0,77.2,56.6,True,513566,1.44,9.98,60.78,663957,468089685000
2026-05-04,011780,금호석유화학,코스피200,BUY,진입,2026-04-30 종가신호 61.2점 2위 → 시가 체결,149400,61.2,2,2026-05-04,149400,0,0.0,22.5,4.0,4,1.96,1.47,6.6,17.0,58.7,57.7,True,131343,-1.5,8.25,22.37,99316,14341230400
2026-05-04,000660,SK하이닉스,코스피200,HOLD,정상,조건 유지,1447000,,,2026-04-20,1148000,10,26.05,79.3,0.0,14,0.31,0.65,27.9,38.0,75.0,63.6,True,1071600,12.52,18.41,65.18,5776641,8358799527000
2026-05-04,009540,HD한국조선해양,코스피200,HOLD,주의,위꼬리 2.5,469500,,,2026-04-23,462000,7,1.62,36.5,2.0,12,1.53,1.45,-1.9,26.2,62.5,60.0,True,406283,1.73,-1.37,25.2,123717,58085131500
2026-05-04,103590,일진전기,코스피200,HOLD,정상,조건 유지,144100,,,2026-04-29,111600,3,29.12,107.3,0.0,13,0.23,0.38,68.5,53.0,85.3,66.2,True,87090,17.63,49.33,102.96,2215806,319297644600
2026-05-04,004800,효성,코스피200,HOLD,정상,조건 유지,221000,,,2026-04-29,221000,3,0.0,72.0,3.2,13,0.54,1.01,38.9,44.6,72.8,57.2,True,160340,-3.07,29.24,60.14,101373,22403433000
2026-05-04,033100,제룡전기,코스닥150,HOLD,정상,조건 유지,91500,,,2026-04-30,68400,2,33.77,110.3,0.0,13,0.38,0.72,83.0,47.8,85.2,73.9,True,52088,29.97,65.16,105.16,2662605,243628357500
2026-05-04,096770,SK이노베이션,코스피200,HOLD,주의,위꼬리 1.55,145700,,,2026-04-30,146500,2,-0.55,38.0,2.8,12,0.89,1.08,12.1,30.6,66.7,61.6,True,124090,-0.34,9.63,23.27,1202954,175270397800
2026-05-04,006400,삼성SDI,코스피200,HOLD,정상,조건 유지,705000,,,2026-05-04,715000,1,-1.4,87.3,1.0,15,1.35,1.49,17.0,56.0,77.2,56.6,True,513566,1.44,9.98,60.78,663957,468089685000
2026-05-04,011780,금호석유화학,코스피200,HOLD,주의,청선 4.0 상승,144400,,,2026-05-04,149400,1,-3.35,22.5,4.0,4,1.96,1.47,6.6,17.0,58.7,57.7,True,131343,-1.5,8.25,22.37,99316,14341230400
2026-05-06,094170,동운아나텍,코스닥150,SELL,청산,"장대음봉 -5.3% → 2026-05-04 종가신호, 시가 체결",48500,,,2026-04-20,42250,10,14.79,84.9,3.5,1,3.52,0.0,7.7,50.5,73.0,65.0,True,36341,2.06,6.55,77.32,283771,14089230150
2026-05-06,011070,LG이노텍,코스피200,SELL,청산,"적선 5일 기울기 -8.8 — 상승탄력 꺾임 → 2026-05-04 종가신호, 시가 체결",618000,,,2026-04-24,537000,6,15.08,117.9,0.0,15,0.54,1.02,3.5,58.1,81.0,64.2,True,410850,6.22,17.91,87.82,349979,221186728000
2026-05-06,336260,두산퓨얼셀,코스피200,BUY,진입,2026-05-04 종가신호 90.6점 1위 → 시가 체결,60000,90.6,1,2026-05-06,60000,0,0.0,134.4,0.0,9,0.16,0.36,82.3,44.4,82.2,80.1,True,44136,29.21,54.13,119.02,4923975,385547242500
2026-05-06,051910,LG화학,코스피200,BUY,진입,2026-05-04 종가신호 83.6점 3위 → 시가 체결,436000,83.6,3,2026-05-06,436000,0,0.0,46.0,1.3,14,0.68,1.1,15.2,30.7,66.3,60.5,True,353616,-1.28,11.59,33.6,372989,157960841500
2026-05-06,000660,SK하이닉스,코스피200,HOLD,주의,위꼬리 1.18,1601000,,,2026-04-20,1148000,11,39.46,98.4,0.0,15,0.29,0.63,38.3,43.7,79.5,71.2,True,1093866,10.64,23.92,80.7,6631934,10617726334000
2026-05-06,103590,일진전기,코스피200,HOLD,정상,조건 유지,142200,,,2026-04-29,111600,4,27.42,104.6,1.3,14,0.31,0.46,46.5,57.0,83.2,66.0,True,89276,-1.32,29.39,87.11,1070762,152262356400
2026-05-06,004800,효성,코스피200,HOLD,정상,조건 유지,258500,,,2026-04-29,221000,4,16.97,101.2,0.0,14,0.5,0.98,42.0,49.0,79.5,62.8,True,164430,16.97,26.41,87.18,228667,59110419500
2026-05-06,033100,제룡전기,코스닥150,HOLD,주의,청선 3.7 상승,88200,,,2026-04-30,68400,3,28.95,102.8,3.7,14,0.62,1.11,62.5,52.1,80.1,70.5,True,53478,-3.61,44.59,95.57,1444454,127400842800
2026-05-06,096770,SK이노베이션,코스피200,HOLD,정상,조건 유지,146700,,,2026-04-30,146500,3,0.14,38.9,2.1,13,0.98,1.08,15.4,32.0,67.3,63.2,True,125460,0.69,12.5,19.07,1323792,194200286400
2026-05-06,006400,삼성SDI,코스피200,HOLD,정상,조건 유지,698000,,,2026-05-04,715000,2,-2.38,85.4,2.0,15,1.43,1.49,16.7,55.4,75.6,61.5,True,524283,-0.99,9.92,53.91,813564,567867672000
2026-05-06,336260,두산퓨얼셀,코스피200,HOLD,정상,조건 유지,78300,,,2026-05-06,60000,1,30.5,134.4,0.0,9,0.16,0.36,82.3,44.4,82.2,80.1,True,44136,29.21,54.13,119.02,4923975,385547242500
2026-05-06,051910,LG화학,코스피200,HOLD,정상,조건 유지,423500,,,2026-05-06,436000,1,-2.87,46.0,1.3,14,0.68,1.1,15.2,30.7,66.3,60.5,True,353616,-1.28,11.59,33.6,372989,157960841500
2026-05-07,009540,HD한국조선해양,코스피200,SELL,청산,"청선 5.9 — 5선 이탈 → 2026-05-06 종가신호, 시가 체결",457000,,,2026-04-23,462000,8,-1.08,35.9,2.5,1,2.46,0.0,-0.3,23.9,60.3,52.9,True,412100,3.31,-0.21,24.34,257591,120423792500
2026-05-07,011780,금호석유화학,코스피200,SELL,청산,"청선 7.2 — 5선 이탈 → 2026-05-06 종가신호, 시가 체결",141800,,,2026-05-04,149400,2,-5.09,11.8,14.0,0,13.96,0.0,-7.8,11.3,48.0,52.4,True,131940,-5.92,-4.28,6.72,195362,25748711600
2026-05-07,298040,효성중공업,코스피200,BUY,진입,2026-05-06 종가신호 88.5점 2위 → 시가 체결,4598000,88.5,2,2026-05-07,4598000,0,0.0,87.3,0.0,15,0.89,1.14,25.4,54.5,81.5,68.6,True,3179966,0.09,15.72,76.28,82388,379067188000
2026-05-07,005930,삼성전자,코스피200,BUY,진입,2026-05-06 종가신호 87.0점 3위 → 시가 체결,272000,87.0,3,2026-05-07,272000,0,0.0,62.4,0.0,15,0.58,0.84,29.6,32.9,73.5,69.3,True,208886,2.07,22.3,38.17,41404687,11241372520500
2026-05-07,000660,SK하이닉스,코스피200,HOLD,정상,조건 유지,1654000,,,2026-04-20,1148000,12,44.08,105.0,0.0,15,0.29,0.63,43.9,48.5,80.8,74.6,True,1116133,3.31,27.23,80.57,5860618,9693462172000
2026-05-07,103590,일진전기,코스피200,HOLD,주의,위꼬리 1.07,142600,,,2026-04-29,111600,5,27.78,105.2,1.1,15,0.36,0.48,44.6,59.8,83.3,66.9,True,91453,0.28,27.78,95.34,590752,84241235200
2026-05-07,004800,효성,코스피200,HOLD,정상,조건 유지,276000,,,2026-04-29,221000,5,24.89,114.8,0.0,15,0.47,0.96,38.1,53.4,81.7,55.4,True,168943,6.77,21.59,95.74,231289,63835764000
2026-05-07,033100,제룡전기,코스닥150,HOLD,주의,청선 3.7 상승,88200,,,2026-04-30,68400,4,28.95,102.8,3.7,15,0.83,1.32,65.1,54.9,80.1,72.6,True,54821,0.0,47.25,95.57,753124,66425536800
2026-05-07,006400,삼성SDI,코스피200,HOLD,정상,조건 유지,694000,,,2026-05-04,715000,3,-2.94,84.3,2.6,15,1.46,1.5,3.7,54.5,74.6,65.4,True,534166,-0.57,2.06,52.03,604589,419584766000
2026-05-07,336260,두산퓨얼셀,코스피200,HOLD,주의,위꼬리 0.6,76200,,,2026-05-06,60000,2,27.0,128.1,2.8,10,0.42,0.85,70.7,48.3,78.8,77.7,True,45406,-2.68,44.87,120.87,1551902,118254932400
2026-05-07,051910,LG화학,코스피200,HOLD,주의,위꼬리 8.0,425000,,,2026-05-06,436000,2,-2.52,46.6,0.9,15,0.69,1.07,10.7,31.7,66.5,60.3,True,357316,0.35,7.87,31.38,397016,168731800000
2026-05-07,298040,효성중공업,코스피200,HOLD,주의,위꼬리 47.0,4601000,,,2026-05-07,4598000,1,0.07,87.3,0.0,15,0.89,1.14,25.4,54.5,81.5,68.6,True,3179966,0.09,15.72,76.28,82388,379067188000
2026-05-07,005930,삼성전자,코스피200,HOLD,주의,위꼬리 10.0,271500,,,2026-05-07,272000,1,-0.18,62.4,0.0,15,0.58,0.84,29.6,32.9,73.5,69.3,True,208886,2.07,22.3,38.17,41404687,11241372520500
2026-05-08,096770,SK이노베이션,코스피200,SELL,청산,"청선 8.7 — 8.0선 초과 급이탈 → 2026-05-07 종가신호, 시가 체결",138200,,,2026-04-30,146500,4,-5.67,23.9,11.2,0,11.21,0.0,-17.9,24.8,54.9,55.2,True,127070,-2.25,-10.08,11.88,673340,90698898000
2026-05-08,028260,삼성물산,코스피200,BUY,진입,2026-05-07 종가신호 91.2점 2위 → 시가 체결,405000,91.2,2,2026-05-08,405000,0,0.0,66.7,0.0,4,0.0,0.0,45.0,32.7,75.4,74.8,True,303450,4.32,36.95,36.73,959566,405416635000
2026-05-08,000660,SK하이닉스,코스피200,HOLD,정상,조건 유지,1686000,,,2026-04-20,1148000,13,46.86,108.9,0.0,15,0.29,0.63,48.7,52.4,81.6,77.4,True,1139166,1.93,30.39,63.21,4278087,7212854682000
2026-05-08,103590,일진전기,코스피200,HOLD,정상,조건 유지,144100,,,2026-04-29,111600,6,29.12,107.3,0.0,15,0.36,0.48,35.3,62.1,83.7,67.4,True,93606,1.05,20.48,80.12,581512,83795879200
2026-05-08,033100,제룡전기,코스닥150,HOLD,주의,청선 4.2 상승,87800,,,2026-04-30,68400,5,28.36,101.8,4.2,15,1.11,1.55,49.9,56.5,79.5,72.4,True,56110,-0.45,32.83,80.1,693494,60888773200
2026-05-08,336260,두산퓨얼셀,코스피200,HOLD,정상,조건 유지,86300,,,2026-05-06,60000,3,43.83,158.4,0.0,11,0.39,0.82,82.9,53.3,82.5,77.1,True,46975,13.25,47.27,135.79,2940895,253799238500
2026-05-08,051910,LG화학,코스피200,HOLD,주의,위꼬리 1.78,429500,,,2026-05-06,436000,3,-1.49,43.6,0.0,15,0.56,1.02,3.1,32.8,67.4,63.2,True,361033,1.06,5.4,24.67,316902,136109409000
2026-05-08,005930,삼성전자,코스피200,HOLD,정상,조건 유지,268500,,,2026-05-07,272000,2,-1.29,60.6,1.1,15,0.65,0.83,25.4,35.7,71.8,68.9,True,211536,-1.1,18.81,27.55,25875880,6947673780000
2026-05-08,028260,삼성물산,코스피200,HOLD,주의,위꼬리 0.54,422500,,,2026-05-08,405000,1,4.32,66.7,0.0,4,0.0,0.0,45.0,32.7,75.4,74.8,True,303450,4.32,36.95,36.73,959566,405416635000
2026-05-11,004800,효성,코스피200,SELL,청산,"장대음봉 -4.7% → 2026-05-08 종가신호, 시가 체결",266500,,,2026-04-29,221000,6,20.59,102.3,6.2,0,6.15,0.0,24.9,52.5,73.9,52.2,True,176453,-1.14,14.04,73.8,80124,20832240000
2026-05-11,006400,삼성SDI,코스피200,SELL,청산,"적선 5일 기울기 -18.1 — 상승탄력 꺾임 → 2026-05-08 종가신호, 시가 체결",670000,,,2026-05-04,715000,4,-6.29,72.5,4.1,1,4.09,0.0,-12.1,50.6,71.3,61.6,True,552883,0.88,-1.58,42.5,850986,582074424000
2026-05-11,298040,효성중공업,코스피200,SELL,청산,"장대음봉 -4.4% → 2026-05-08 종가신호, 시가 체결",4438000,,,2026-05-07,4598000,2,-3.48,76.4,6.2,0,6.19,0.0,17.1,52.1,72.1,61.3,True,3276000,-1.48,10.76,50.35,61480,266392840000
2026-05-11,005490,POSCO홀딩스,코스피200,BUY,진입,2026-05-08 종가신호 91.5점 1위 → 시가 체결,521000,91.5,1,2026-05-11,521000,0,0.0,54.0,4.5,15,0.92,1.28,11.8,52.9,72.9,62.7,True,404683,-2.48,10.82,39.51,501971,257009152000
2026-05-11,000500,가온전선,코스피200,BUY,진입,2026-05-08 종가신호 91.4점 2위 → 시가 체결,265061,91.4,2,2026-05-11,265061,0,0.0,389.2,0.0,15,0.45,0.98,241.5,82.0,94.1,81.5,True,102473,0.0,97.52,360.43,0,0
2026-05-11,067310,하나마이크론,코스닥150,BUY,진입,2026-05-08 종가신호 84.6점 4위 → 시가 체결,44200,84.6,4,2026-05-11,44200,0,0.0,55.2,0.8,10,1.11,1.03,12.4,28.3,64.7,48.8,True,35458,0.82,8.69,44.8,2418328,104350853200
2026-05-11,000660,SK하이닉스,코스피200,HOLD,주의,위꼬리 1.47,1880000,,,2026-04-20,1148000,14,63.76,133.0,0.0,15,0.29,0.63,73.6,57.6,85.2,78.1,True,1170733,11.51,46.19,88.38,7433039,13974113320000
2026-05-11,103590,일진전기,코스피200,HOLD,정상,조건 유지,142500,,,2026-04-29,111600,7,27.69,105.0,1.1,15,0.39,0.51,28.8,63.0,81.7,70.8,True,95756,-1.11,16.33,84.59,387951,55283017500
2026-05-11,336260,두산퓨얼셀,코스피200,HOLD,주의,위꼬리 0.85,96700,,,2026-05-06,60000,4,61.17,189.5,0.0,12,0.35,0.79,107.5,58.6,85.3,75.1,True,48903,12.05,59.05,168.61,2282288,220697249600
2026-05-11,051910,LG화학,코스피200,HOLD,주의,위꼬리 1.75,423500,,,2026-05-06,436000,4,-2.87,41.6,1.4,15,0.66,1.03,4.7,32.8,65.1,62.1,True,364683,-1.4,6.68,19.3,323937,137187319500
2026-05-11,005930,삼성전자,코스피200,HOLD,주의,위꼬리 3.0,285500,,,2026-05-07,272000,3,4.96,70.8,0.0,15,0.65,0.83,38.9,39.5,75.2,72.5,True,215050,6.33,29.48,39.95,36031094,10286877337000
2026-05-11,028260,삼성물산,코스피200,HOLD,정상,조건 유지,452000,,,2026-05-08,405000,2,11.6,78.3,0.0,5,0.0,0.0,60.6,39.4,78.4,71.4,True,309250,6.98,51.42,50.67,1337572,604582544000
2026-05-11,005490,POSCO홀딩스,코스피200,HOLD,주의,청선 4.5 상승,512000,,,2026-05-11,521000,1,-1.73,54.0,4.5,15,0.92,1.28,11.8,52.9,72.9,62.7,True,404683,-2.48,10.82,39.51,501971,257009152000
2026-05-11,000500,가온전선,코스피200,HOLD,정상,조건 유지,265061,,,2026-05-11,265061,1,0.0,389.2,0.0,15,0.45,0.98,241.5,82.0,94.1,81.5,True,102473,0.0,97.52,360.43,0,0
2026-05-11,067310,하나마이크론,코스닥150,HOLD,주의,위꼬리 2.05,43150,,,2026-05-11,44200,1,-2.38,55.2,0.8,10,1.11,1.03,12.4,28.3,64.7,48.8,True,35458,0.82,8.69,44.8,2418328,104350853200
2026-05-12,033100,제룡전기,코스닥150,SELL,청산,"청선 12.5 — 8.0선 초과 급이탈 → 2026-05-11 종가신호, 시가 체결",80100,,,2026-04-30,68400,6,17.11,77.9,18.2,0,18.22,0.0,-32.4,47.9,64.9,67.1,True,58255,-4.8,-15.41,59.59,834488,64589371200
2026-05-12,083450,GST,코스닥150,BUY,진입,2026-05-11 종가신호 92.2점 1위 → 시가 체결,68100,92.2,1,2026-05-12,68100,0,0.0,156.9,2.4,15,0.59,0.98,54.8,62.4,81.4,56.0,True,41301,-2.3,27.15,96.91,684362,43593859400
2026-05-12,051910,LG화학,코스피200,SELL,손절,장중 손절 -7.0% (기준 -7.0%),405480,,,2026-05-06,436000,4,-7.0,29.9,10.6,0,10.55,0.0,-18.0,27.5,53.9,54.0,True,367200,-8.26,-9.44,9.13,1047094,406796019000
2026-05-12,005490,POSCO홀딩스,코스피200,SELL,손절,장중 손절 -7.0% (기준 -7.0%),484529,,,2026-05-11,521000,1,-7.0,44.1,11.7,0,11.69,0.0,-10.4,46.8,62.7,57.3,True,409216,-6.45,-4.58,29.81,1308740,626886460000
2026-05-12,000500,가온전선,코스피200,SELL,손절,장중 손절 -7.0% (기준 -7.0%),246506,,,2026-05-11,265061,1,-7.0,478.5,0.0,15,0.45,0.98,282.6,84.9,95.4,81.4,True,110895,18.24,95.49,431.58,809924,253835041144
2026-05-12,067310,하나마이크론,코스닥150,SELL,손절,장중 손절 -7.0% (기준 -7.0%),41106,,,2026-05-11,44200,1,-7.0,48.9,5.1,0,5.07,0.0,-2.3,26.9,59.7,47.0,True,35801,-4.06,-1.55,33.55,1958335,81075069000
2026-05-12,083450,GST,코스닥150,SELL,손절,장중 손절 -7.0% (기준 -7.0%),63332,,,2026-05-12,68100,0,-7.0,156.9,2.4,15,0.59,0.98,54.8,62.4,81.4,56.0,True,41301,-2.3,27.15,96.91,684362,43593859400
2026-05-12,000660,SK하이닉스,코스피200,HOLD,정상,조건 유지,1835000,,,2026-04-20,1148000,15,59.84,127.4,2.5,15,0.29,0.65,48.1,59.4,81.3,71.1,True,1201166,-2.39,26.81,78.68,9160593,16809688155000
2026-05-12,005930,삼성전자,코스피200,HOLD,정상,조건 유지,279000,,,2026-05-07,272000,4,2.57,66.9,2.3,15,0.76,0.93,27.8,40.8,71.7,69.4,True,218360,-2.28,20.0,35.44,41211149,11497910571000
2026-05-12,028260,삼성물산,코스피200,HOLD,주의,청선 3.9 상승,435000,,,2026-05-08,405000,3,7.41,71.6,3.9,6,0.65,1.46,45.4,41.6,73.0,66.0,True,314783,-3.76,35.94,43.8,965392,419945520000
2026-05-13,103590,일진전기,코스피200,SELL,청산,"적선 5일 기울기 -7.1 — 상승탄력 꺾임 → 2026-05-12 종가신호, 시가 체결",132800,,,2026-04-29,111600,8,19.0,101.3,3.0,15,0.7,1.11,-3.3,61.3,77.9,73.5,True,100183,0.5,-1.62,68.55,532996,74566140400
2026-05-13,336260,두산퓨얼셀,코스피200,SELL,청산,"장대음봉 -4.1% → 2026-05-12 종가신호, 시가 체결",88000,,,2026-05-06,60000,5,46.67,180.2,3.3,14,0.85,1.43,45.8,60.3,80.4,75.2,True,52640,0.97,19.54,149.27,712709,66709562400
2026-05-13,083450,GST,코스닥150,BUY,진입,2026-05-12 종가신호 90.8점 1위 → 시가 체결,60700,90.8,1,2026-05-13,60700,0,0.0,168.1,0.0,15,0.59,0.98,38.7,63.6,82.9,62.6,True,42668,4.4,16.87,80.22,480066,31924389000
2026-05-13,000660,SK하이닉스,코스피200,HOLD,정상,조건 유지,1976000,,,2026-04-20,1148000,16,72.13,144.9,0.0,15,0.29,0.65,46.5,62.0,83.8,75.4,True,1237933,7.68,23.42,90.0,7126921,14082795896000
2026-05-13,005930,삼성전자,코스피200,HOLD,정상,조건 유지,284000,,,2026-05-07,272000,5,4.41,69.9,0.5,15,0.7,0.92,10.8,42.2,72.7,74.8,True,221950,1.79,6.77,41.29,35540134,10093398056000
2026-05-13,083450,GST,코스닥150,HOLD,정상,조건 유지,66500,,,2026-05-13,60700,1,9.56,168.1,0.0,15,0.59,0.98,38.7,63.6,82.9,62.6,True,42668,4.4,16.87,80.22,480066,31924389000
2026-05-14,028260,삼성물산,코스피200,SELL,청산,"청선 5.5 — 5선 이탈 → 2026-05-13 종가신호, 시가 체결",426500,,,2026-05-08,405000,4,5.31,74.4,2.3,1,2.26,0.0,14.6,43.4,72.6,68.4,True,326700,3.15,9.14,49.32,826031,365105702000
2026-05-14,281820,케이씨텍,코스피200,BUY,진입,2026-05-13 종가신호 86.7점 2위 → 시가 체결,77300,86.7,2,2026-05-14,77300,0,0.0,90.7,0.0,15,0.7,1.23,32.2,48.8,78.2,72.6,True,57670,10.09,20.29,53.18,190678,15597460400
2026-05-14,000660,SK하이닉스,코스피200,HOLD,주의,위꼬리 3.0,1970000,,,2026-04-20,1148000,17,71.6,144.1,0.3,15,0.31,0.64,39.2,63.6,83.3,73.2,True,1276700,-0.3,19.11,78.6,6040068,11898933960000
2026-05-14,005930,삼성전자,코스피200,HOLD,정상,조건 유지,296000,,,2026-05-07,272000,6,8.82,77.0,0.0,15,0.7,0.92,14.7,44.4,75.1,74.9,True,226243,4.23,9.02,43.34,39314752,11637166592000
2026-05-14,083450,GST,코스닥150,HOLD,정상,조건 유지,64600,,,2026-05-13,60700,2,6.43,160.5,2.9,15,0.78,1.12,26.6,62.5,78.3,60.2,True,43995,-2.86,11.38,65.22,279525,18057315000
2026-05-14,281820,케이씨텍,코스피200,HOLD,정상,조건 유지,81800,,,2026-05-14,77300,1,5.82,90.7,0.0,15,0.7,1.23,32.2,48.8,78.2,72.6,True,57670,10.09,20.29,53.18,190678,15597460400
2026-05-15,204320,HL만도,코스피200,BUY,진입,2026-05-14 종가신호 84.0점 4위 → 시가 체결,63100,84.0,4,2026-05-15,63100,0,0.0,29.1,2.6,15,1.11,1.29,3.8,26.4,61.4,49.4,True,54791,-1.91,3.01,17.08,2179914,134500693800
2026-05-15,012330,현대모비스,코스피200,BUY,진입,2026-05-14 종가신호 82.4점 5위 → 시가 체결,671000,82.4,5,2026-05-15,671000,0,0.0,66.4,3.3,7,1.09,1.47,31.7,43.8,73.9,48.9,True,453633,-3.23,23.58,51.38,1010628,635685012000
2026-05-15,014680,한솔케미칼,코스피200,BUY,진입,2026-05-14 종가신호 78.7점 6위 → 시가 체결,326500,78.7,6,2026-05-15,326500,0,0.0,29.1,3.1,4,1.02,1.25,15.8,18.7,61.5,72.8,True,287000,-2.98,13.99,16.01,151521,49395846000
2026-05-15,281820,케이씨텍,코스피200,SELL,손절,장중 손절 -7.0% (기준 -7.0%),71889,,,2026-05-14,77300,1,-7.0,66.2,14.7,0,14.73,0.0,7.0,42.1,61.8,59.9,True,58465,-12.84,4.39,32.53,210961,15041519300
2026-05-15,012330,현대모비스,코스피200,SELL,손절,장중 손절 -7.0% (기준 -7.0%),624030,,,2026-05-15,671000,0,-7.0,66.4,3.3,7,1.09,1.47,31.7,43.8,73.9,48.9,True,453633,-3.23,23.58,51.38,1010628,635685012000
2026-05-15,204320,HL만도,코스피200,HOLD,주의,위꼬리 3.5,61700,,,2026-05-15,63100,1,-2.22,29.1,2.6,15,1.11,1.29,3.8,26.4,61.4,49.4,True,54791,-1.91,3.01,17.08,2179914,134500693800
2026-05-15,014680,한솔케미칼,코스피200,HOLD,주의,위꼬리 7.0,326000,,,2026-05-15,326500,1,-0.15,29.1,3.1,4,1.02,1.25,15.8,18.7,61.5,72.8,True,287000,-2.98,13.99,16.01,151521,49395846000
2026-05-18,000660,SK하이닉스,코스피200,SELL,청산,"청선 8.6 — 8.0선 초과 급이탈 → 2026-05-15 종가신호, 시가 체결",1780000,,,2026-04-20,1148000,18,55.05,121.7,7.4,0,7.39,0.0,-11.3,56.5,72.4,62.0,True,1341233,1.15,-2.13,59.31,6481608,11926158720000
2026-05-18,005930,삼성전자,코스피200,SELL,청산,"청선 9.4 — 8.0선 초과 급이탈 → 2026-05-15 종가신호, 시가 체결",269500,,,2026-05-07,272000,7,-0.92,57.5,5.3,0,5.34,0.0,-13.2,38.3,65.3,64.1,True,232360,3.88,-1.58,29.2,33555214,9429015134000
2026-05-18,083450,GST,코스닥150,SELL,청산,"청선 12.5 — 8.0선 초과 급이탈 → 2026-05-15 종가신호, 시가 체결",57400,,,2026-05-13,60700,3,-5.44,132.9,11.8,0,11.76,0.0,-30.0,51.6,67.4,58.2,True,46188,0.68,-8.74,42.51,361870,21531265000
2026-05-18,031330,에스에이엠티,코스닥150,BUY,진입,2026-05-15 종가신호 86.5점 1위 → 시가 체결,18590,86.5,1,2026-05-18,18590,0,0.0,274.8,0.0,15,0.83,1.46,190.4,78.7,95.1,86.8,True,7776,30.0,104.51,179.55,1662506,30905986540
2026-05-18,003550,LG,코스피200,BUY,진입,2026-05-15 종가신호 85.3점 2위 → 시가 체결,132000,85.3,2,2026-05-18,132000,0,0.0,36.1,9.2,0,9.19,0.0,9.2,36.0,62.7,38.1,True,99076,-8.41,9.8,23.03,1001762,115603334800
2026-05-18,012330,현대모비스,코스피200,BUY,진입,2026-05-15 종가신호 74.3점 3위 → 시가 체결,612000,74.3,3,2026-05-18,612000,0,0.0,47.0,13.8,0,13.84,0.0,0.7,39.6,62.7,46.0,True,459683,-9.22,3.25,33.72,947011,540743281000
2026-05-18,161890,한국콜마,코스피200,BUY,진입,2026-05-15 종가신호 72.1점 4위 → 시가 체결,95600,72.1,4,2026-05-18,95600,0,0.0,23.4,9.3,0,9.33,0.0,-10.3,32.0,56.5,48.5,True,87306,-5.05,-7.71,9.11,209820,19345404000
2026-05-18,005850,에스엘,코스피200,BUY,진입,2026-05-15 종가신호 70.6점 5위 → 시가 체결,70500,70.6,5,2026-05-18,70500,0,0.0,19.6,11.0,0,10.96,0.0,-5.9,13.6,51.8,50.5,True,62263,-9.87,-4.71,7.64,308726,20005444800
2026-05-18,204320,HL만도,코스피200,SELL,손절,장중 손절 -7.0% (기준 -7.0%),58682,,,2026-05-15,63100,1,-7.0,22.4,8.2,0,8.21,0.0,-7.5,22.6,53.9,48.1,True,55148,-5.19,-5.8,9.76,609223,35639545500
2026-05-18,014680,한솔케미칼,코스피200,SELL,손절,장중 손절 -7.0% (기준 -7.0%),303645,,,2026-05-15,326500,1,-7.0,22.9,5.2,0,5.16,0.0,12.4,18.9,58.9,75.3,True,288666,-1.99,14.52,12.11,102347,32699866500
2026-05-18,003550,LG,코스피200,SELL,손절,장중 손절 -7.0% (기준 -7.0%),122759,,,2026-05-18,132000,0,-7.0,36.1,9.2,0,9.19,0.0,9.2,36.0,62.7,38.1,True,99076,-8.41,9.8,23.03,1001762,115603334800
2026-05-18,012330,현대모비스,코스피200,SELL,손절,장중 손절 -7.0% (기준 -7.0%),569160,,,2026-05-18,612000,0,-7.0,47.0,13.8,0,13.84,0.0,0.7,39.6,62.7,46.0,True,459683,-9.22,3.25,33.72,947011,540743281000
2026-05-18,005850,에스엘,코스피200,SELL,손절,장중 손절 -7.0% (기준 -7.0%),65565,,,2026-05-18,70500,0,-7.0,19.6,11.0,0,10.96,0.0,-5.9,13.6,51.8,50.5,True,62263,-9.87,-4.71,7.64,308726,20005444800
2026-05-18,031330,에스에이엠티,코스닥150,HOLD,정상,조건 유지,18590,,,2026-05-18,18590,1,0.0,274.8,0.0,15,0.83,1.46,190.4,78.7,95.1,86.8,True,7776,30.0,104.51,179.55,1662506,30905986540
2026-05-19,161890,한국콜마,코스피200,SELL,청산,"청선 9.3 — 8.0선 초과 급이탈 → 2026-05-18 종가신호, 시가 체결",93000,,,2026-05-18,95600,1,-2.72,22.9,9.8,0,9.8,0.0,-11.1,27.5,55.9,44.6,True,87830,-0.43,-8.29,5.76,212667,19522830600
2026-05-19,007070,GS리테일,코스피200,BUY,진입,2026-05-18 종가신호 78.7점 2위 → 시가 체결,28800,78.7,2,2026-05-19,28800,0,0.0,27.5,7.7,0,7.68,0.0,5.1,36.0,63.3,62.3,True,24108,-3.7,6.63,16.88,285773,7815891550
2026-05-19,031330,에스에이엠티,코스닥150,SELL,손절,장중 손절 -8.2% (기준 -7.0%),17060,,,2026-05-18,18590,1,-8.23,215.3,18.9,0,18.86,0.0,132.0,69.0,75.7,73.9,True,8128,-15.87,73.01,128.99,10709165,167491340600
2026-05-19,007070,GS리테일,코스피200,SELL,손절,장중 손절 -7.0% (기준 -7.0%),26784,,,2026-05-19,28800,0,-7.0,27.5,7.7,0,7.68,0.0,5.1,36.0,63.3,62.3,True,24108,-3.7,6.63,16.88,285773,7815891550
2026-05-22,192080,더블유게임즈,코스피200,BUY,진입,2026-05-21 종가신호 70.6점 1위 → 시가 체결,66800,70.6,1,2026-05-22,66800,0,0.0,44.8,0.0,7,2.05,1.73,21.3,32.4,73.9,67.4,True,56780,6.62,17.26,34.3,156493,10844964900
2026-05-22,192080,더블유게임즈,코스피200,HOLD,정상,조건 유지,69300,,,2026-05-22,66800,1,3.74,44.8,0.0,7,2.05,1.73,21.3,32.4,73.9,67.4,True,56780,6.62,17.26,34.3,156493,10844964900
2026-05-26,009150,삼성전기,코스피200,BUY,진입,2026-05-22 종가신호 88.8점 1위 → 시가 체결,1466000,88.8,1,2026-05-26,1466000,0,0.0,205.8,0.0,15,0.67,1.2,58.6,68.5,89.3,68.8,True,884800,17.31,52.47,103.1,1728808,2717686176000
2026-05-26,192080,더블유게임즈,코스피200,HOLD,주의,청선 3.7 상승,66800,,,2026-05-22,66800,2,0.0,39.6,3.7,8,2.26,1.72,13.4,33.1,67.2,59.6,True,57411,-3.61,10.6,23.25,91885,6137918000
2026-05-26,009150,삼성전기,코스피200,HOLD,정상,조건 유지,1572000,,,2026-05-26,1466000,1,7.23,205.8,0.0,15,0.67,1.2,58.6,68.5,89.3,68.8,True,884800,17.31,52.47,103.1,1728808,2717686176000
2026-05-27,192080,더블유게임즈,코스피200,HOLD,정상,조건 유지,67900,,,2026-05-22,66800,3,1.65,41.9,2.1,9,2.24,1.62,13.8,34.3,68.5,63.5,True,58056,1.65,10.77,18.09,140734,9555838600
2026-05-27,009150,삼성전기,코스피200,HOLD,정상,조건 유지,1630000,,,2026-05-26,1466000,2,11.19,215.9,0.0,15,0.67,1.2,79.2,71.9,90.0,69.4,True,920300,3.69,65.15,106.85,1862646,3036112980000
2026-05-28,192080,더블유게임즈,코스피200,HOLD,정상,조건 유지,70000,,,2026-05-22,66800,4,4.79,44.2,0.0,10,2.02,1.68,16.9,36.2,70.9,66.5,True,58746,3.09,14.94,22.59,173778,12164460000
2026-05-28,009150,삼성전기,코스피200,HOLD,정상,조건 유지,1849000,,,2026-05-26,1466000,3,26.13,227.3,0.0,15,0.62,1.21,94.6,75.6,92.0,73.9,True,963000,13.44,74.27,132.87,2497729,4618300921000
2026-05-29,011070,LG이노텍,코스피200,BUY,진입,2026-05-28 종가신호 86.3점 2위 → 시가 체결,1193000,86.3,2,2026-05-29,1193000,0,0.0,303.3,0.0,15,0.84,1.47,145.9,71.7,90.4,67.1,True,688216,28.57,73.99,152.69,1402802,2045285316000
2026-05-29,192080,더블유게임즈,코스피200,HOLD,주의,위꼬리 0.88,68400,,,2026-05-22,66800,5,2.4,38.7,2.3,11,2.05,1.6,2.9,35.9,66.8,62.3,True,59346,-2.29,5.23,10.32,126943,8682901200
2026-05-29,009150,삼성전기,코스피200,HOLD,정상,조건 유지,2127000,,,2026-05-26,1466000,4,45.09,274.5,0.0,15,0.62,1.21,111.0,79.3,93.7,76.2,True,1014433,15.04,76.66,153.52,2960769,6297555663000
2026-05-29,011070,LG이노텍,코스피200,HOLD,정상,조건 유지,1458000,,,2026-05-29,1193000,1,22.21,303.3,0.0,15,0.84,1.47,145.9,71.7,90.4,67.1,True,688216,28.57,73.99,152.69,1402802,2045285316000
2026-06-01,005930,삼성전자,코스피200,BUY,진입,2026-05-29 종가신호 70.1점 3위 → 시가 체결,319500,70.1,3,2026-06-01,319500,0,0.0,69.0,0.0,7,0.72,1.09,20.2,38.4,74.3,68.2,True,262366,10.09,19.32,54.42,45052488,15723318312000
2026-06-01,011070,LG이노텍,코스피200,HOLD,주의,위꼬리 2.63,1530000,,,2026-05-29,1193000,2,28.25,313.0,0.0,15,0.7,1.45,147.5,74.9,91.1,58.4,True,726450,4.94,77.08,158.45,1530691,2341957230000
2026-06-01,005930,삼성전자,코스피200,HOLD,정상,조건 유지,349000,,,2026-06-01,319500,1,9.23,69.0,0.0,7,0.72,1.09,20.2,38.4,74.3,68.2,True,262366,10.09,19.32,54.42,45052488,15723318312000
2026-06-02,192080,더블유게임즈,코스피200,SELL,청산,"적선 5일 기울기 -11.1 — 상승탄력 꺾임 → 2026-06-01 종가신호, 시가 체결",68300,,,2026-05-22,66800,6,2.25,37.1,0.1,13,2.04,1.64,-2.5,34.8,67.5,62.1,True,60493,3.71,4.64,14.4,104074,7274772600
2026-06-02,009150,삼성전기,코스피200,SELL,청산,"장대음봉 -5.7% → 2026-06-01 종가신호, 시가 체결",1839000,,,2026-05-26,1466000,5,25.44,195.3,17.3,0,17.32,0.0,-10.6,69.3,74.2,66.3,True,1099933,-9.58,15.33,117.91,1954960,3544342480000
2026-06-02,005930,삼성전자,코스피200,HOLD,주의,위꼬리 999.0,360500,,,2026-06-01,319500,2,12.83,70.9,0.0,8,0.63,1.05,22.1,41.6,75.8,65.5,True,267133,3.3,20.57,63.49,44720282,16121661661000
2026-06-04,011070,LG이노텍,코스피200,SELL,청산,"청선 22.2 — 8.0선 초과 급이탈 → 2026-06-02 종가신호, 시가 체결",1192000,,,2026-05-29,1193000,3,-0.08,209.5,30.4,0,30.43,0.0,3.3,55.4,65.8,49.4,True,781516,-6.31,12.36,97.14,517511,607040403000
2026-06-04,066570,LG전자,코스피200,BUY,진입,2026-06-02 종가신호 85.2점 1위 → 시가 체결,358000,85.2,1,2026-06-04,358000,0,0.0,164.1,19.7,0,19.66,0.0,60.3,46.8,67.3,60.8,True,197836,-16.43,39.57,129.05,4294026,1408440528000
2026-06-04,090360,로보스타,코스닥150,BUY,진입,2026-06-02 종가신호 85.2점 2위 → 시가 체결,137800,85.2,2,2026-06-04,137800,0,0.0,117.5,14.1,0,14.08,0.0,77.8,38.4,69.5,67.9,True,81333,-12.34,71.85,94.41,1114914,155196028800
2026-06-04,032830,삼성생명,코스피200,BUY,진입,2026-06-02 종가신호 83.4점 3위 → 시가 체결,440000,83.4,3,2026-06-04,440000,0,0.0,79.1,9.6,0,9.59,0.0,25.0,51.3,71.8,62.3,True,313233,-8.75,23.55,65.28,1025694,449253972000
2026-06-04,066570,LG전자,코스피200,SELL,손절,장중 손절 -7.0% (기준 -7.0%),332940,,,2026-06-04,358000,0,-7.0,164.1,19.7,0,19.66,0.0,60.3,46.8,67.3,60.8,True,197836,-16.43,39.57,129.05,4294026,1408440528000
2026-06-04,005930,삼성전자,코스피200,HOLD,주의,위꼬리 5.8,351500,,,2026-06-01,319500,3,10.02,63.9,2.6,9,0.85,1.16,11.1,42.4,72.2,62.6,True,271650,-2.5,14.5,51.18,34771037,12222019505500
2026-06-05,090360,로보스타,코스닥150,SELL,청산,"청선 14.1 — 8.0선 초과 급이탈 → 2026-06-04 종가신호, 시가 체결",129900,,,2026-06-04,137800,1,-5.73,131.0,7.2,0,7.22,0.0,97.1,39.8,71.3,64.6,True,84126,6.39,90.6,112.48,4206111,622925039100
2026-06-05,032830,삼성생명,코스피200,SELL,청산,"청선 9.6 — 8.0선 초과 급이탈 → 2026-06-04 종가신호, 시가 체결",397000,,,2026-06-04,440000,1,-9.77,68.7,16.4,0,16.36,0.0,16.3,46.1,65.6,62.3,True,318533,-5.82,15.38,38.42,509906,210336225000
2026-06-08,005930,삼성전자,코스피200,SELL,청산,"청선 9.6 — 8.0선 초과 급이탈 → 2026-06-05 종가신호, 시가 체결",293000,,,2026-06-01,319500,4,-8.29,37.8,22.0,0,22.0,0.0,-19.9,31.9,54.4,51.9,True,278016,-10.18,-6.78,8.84,38929682,11503721031000
2026-06-18,402340,SK스퀘어,코스피200,BUY,진입,2026-06-17 종가신호 88.7점 1위 → 시가 체결,1656000,88.7,1,2026-06-18,1656000,0,0.0,102.1,0.0,5,0.04,0.09,32.8,34.1,73.1,69.7,True,1235933,6.52,38.44,66.67,1177611,2001938700000
2026-06-18,402340,SK스퀘어,코스피200,HOLD,주의,위꼬리 0.86,1700000,,,2026-06-18,1656000,1,2.66,102.1,0.0,5,0.04,0.09,32.8,34.1,73.1,69.7,True,1235933,6.52,38.44,66.67,1177611,2001938700000
2026-06-22,402340,SK스퀘어,코스피200,SELL,청산,"적선 5일 기울기 -7.7 — 상승탄력 꺾임 → 2026-06-19 종가신호, 시가 체결",1860000,,,2026-06-18,1656000,2,12.32,93.1,0.0,7,0.03,0.08,14.0,42.4,78.6,69.8,True,1288000,10.67,39.42,67.09,1416660,2790820200000
2026-06-22,005930,삼성전자,코스피200,BUY,진입,2026-06-19 종가신호 56.1점 1위 → 시가 체결,343000,56.1,1,2026-06-22,343000,0,0.0,32.9,2.5,4,2.25,1.45,-19.9,23.5,62.4,59.0,True,311950,-0.14,4.9,18.03,24330451,8600814428500
2026-06-23,005930,삼성전자,코스피200,SELL,청산,"적선 5일 기울기 -19.9 — 상승탄력 꺾임 → 2026-06-22 종가신호, 시가 체결",347500,,,2026-06-22,343000,1,1.31,15.5,16.9,0,16.94,0.0,-40.1,18.9,51.4,47.3,True,313333,-12.31,-9.62,5.98,41266630,12792655300000
2026-07-10,081660,미스토홀딩스,코스피200,BUY,진입,2026-07-09 종가신호 83.7점 1위 → 시가 체결,49500,83.7,1,2026-07-10,49500,0,0.0,19.4,17.4,0,17.36,0.0,-5.9,21.2,53.4,55.2,True,41845,-14.79,-4.7,4.44,246685,11014485250
2026-07-10,081660,미스토홀딩스,코스피200,SELL,손절,장중 손절 -7.0% (기준 -7.0%),46035,,,2026-07-10,49500,0,-7.0,19.4,17.4,0,17.36,0.0,-5.9,21.2,53.4,55.2,True,41845,-14.79,-4.7,4.44,246685,11014485250
2026-07-21,079940,가비아,코스닥150,BUY,진입,2026-07-20 종가신호 78.8점 1위 → 시가 체결,47500,78.8,1,2026-07-21,47500,0,0.0,63.8,0.0,12,1.33,1.35,57.1,40.6,83.1,81.9,True,31855,7.83,53.47,53.72,88339,4196102500
2026-07-21,079940,가비아,코스닥150,HOLD,주의,위꼬리 999.0,47500,,,2026-07-21,47500,1,0.0,63.8,0.0,12,1.33,1.35,57.1,40.6,83.1,81.9,True,31855,7.83,53.47,53.72,88339,4196102500
2026-07-22,079940,가비아,코스닥150,HOLD,주의,위꼬리 2.0,47500,,,2026-07-21,47500,2,0.0,63.8,0.0,13,1.23,1.34,56.6,48.1,83.1,82.1,True,32420,0.0,52.73,63.79,81835,3887162500
2026-07-23,079940,가비아,코스닥150,HOLD,주의,위꼬리 7.0,47550,,,2026-07-21,47500,3,0.11,64.0,0.0,14,1.14,1.33,50.9,53.1,83.1,85.5,True,33001,0.11,44.97,61.73,89713,4265853150
2026-07-24,079940,가비아,코스닥150,HOLD,주의,위꼬리 2.0,47550,,,2026-07-21,47500,4,0.11,64.0,0.0,15,1.06,1.32,47.1,56.6,83.1,85.8,True,33553,0.0,40.27,61.19,25968,1234778400
2026-07-27,079940,가비아,코스닥150,HOLD,정상,조건 유지,47550,,,2026-07-21,47500,5,0.11,64.0,0.0,15,0.99,1.35,12.1,59.2,83.1,87.2,True,34090,0.0,7.95,61.19,37077,1763011350
2026-07-28,192820,코스맥스,코스피200,BUY,진입,2026-07-27 종가신호 60.9점 1위 → 시가 체결,189800,60.9,1,2026-07-28,189800,0,0.0,27.4,4.3,4,2.93,1.73,8.6,9.2,55.3,48.3,True,169436,-4.1,7.2,16.03,81186,14986935600
2026-07-28,079940,가비아,코스닥150,HOLD,정상,조건 유지,47450,,,2026-07-21,47500,6,-0.11,63.6,0.2,15,0.78,1.19,-0.2,61.0,82.6,86.7,True,34641,-0.21,-0.11,57.12,29938,1420558100
2026-07-29,192820,코스맥스,코스피200,SELL,청산,"장대음봉 -4.1% → 2026-07-28 종가신호, 시가 체결",185000,,,2026-07-28,189800,1,-2.53,27.5,4.2,5,3.19,1.63,10.7,9.8,55.4,46.6,True,170026,0.05,9.16,19.24,136847,25275640900
2026-07-29,079940,가비아,코스닥150,HOLD,정상,조건 유지,47100,,,2026-07-21,47500,7,-0.84,62.4,1.0,15,0.84,1.17,-1.4,61.7,81.0,77.2,True,35186,-0.74,-0.84,58.85,31670,1491657000
2026-07-30,079940,가비아,코스닥150,HOLD,주의,위꼬리 999.0,47100,,,2026-07-21,47500,8,-0.84,62.4,1.0,15,0.69,0.98,-1.6,62.3,81.0,48.0,True,35711,0.0,-0.95,55.96,24204,1140008400
2026-07-31,079940,가비아,코스닥150,HOLD,주의,위꼬리 1.67,47000,,,2026-07-21,47500,9,-1.05,62.1,1.2,15,0.62,0.9,-1.9,62.6,80.5,55.4,True,36228,-0.21,-1.16,56.15,14892,699924000
2026-08-03,079940,가비아,코스닥150,HOLD,정상,조건 유지,47000,,,2026-07-21,47500,10,-1.05,62.1,1.2,15,0.65,0.91,-1.9,62.8,80.5,62.2,True,36745,0.0,-1.16,49.21,18606,874482000
2026-08-04,068270,셀트리온,코스피200,BUY,진입,2026-08-03 종가신호 55.6점 1위 → 시가 체결,182100,55.6,1,2026-08-04,182100,0,0.0,15.8,2.3,8,2.49,1.23,5.2,10.0,56.4,46.1,True,176096,1.98,4.74,5.63,521154,96830413200
2026-08-04,079940,가비아,코스닥150,HOLD,정상,조건 유지,46700,,,2026-07-21,47500,11,-1.68,61.0,1.8,15,0.58,0.76,-2.6,62.4,78.8,57.9,True,37271,-0.64,-1.58,51.62,8087,377662900
2026-08-04,068270,셀트리온,코스피200,HOLD,정상,조건 유지,185800,,,2026-08-04,182100,1,2.03,15.8,2.3,8,2.49,1.23,5.2,10.0,56.4,46.1,True,176096,1.98,4.74,5.63,521154,96830413200
2026-08-05,079940,가비아,코스닥150,HOLD,주의,위꼬리 7.0,46500,,,2026-07-21,47500,12,-2.11,60.3,2.3,15,0.57,0.74,-2.1,61.6,77.6,54.1,True,37855,-0.43,-1.27,46.0,6511,302761500
2026-08-05,068270,셀트리온,코스피200,HOLD,주의,위꼬리 0.64,190300,,,2026-08-04,182100,2,4.5,18.6,0.0,9,2.21,1.4,6.4,12.2,59.4,48.6,True,177090,2.42,5.72,6.79,617748,117557444400
2026-08-06,008930,한미사이언스,코스피200,BUY,진입,2026-08-05 종가신호 92.2점 1위 → 시가 체결,40250,92.2,1,2026-08-06,40250,0,0.0,67.8,0.0,6,0.36,0.8,34.7,34.8,76.2,72.9,True,33355,8.55,26.04,30.16,451944,19795147200
2026-08-06,491000,리브스메드,코스닥150,BUY,진입,2026-08-05 종가신호 75.7점 2위 → 시가 체결,47400,75.7,2,2026-08-06,47400,0,0.0,55.5,1.2,4,0.81,0.86,55.5,4.3,57.4,59.2,True,37473,-1.16,55.48,35.65,145901,6828166800
2026-08-06,068270,셀트리온,코스피200,HOLD,정상,조건 유지,195000,,,2026-08-04,182100,3,7.08,21.5,0.0,10,1.99,1.48,3.1,15.3,62.3,54.9,True,177833,2.47,2.63,10.29,801664,156324480000
2026-08-06,008930,한미사이언스,코스피200,HOLD,정상,조건 유지,43800,,,2026-08-06,40250,1,8.82,67.8,0.0,6,0.36,0.8,34.7,34.8,76.2,72.9,True,33355,8.55,26.04,30.16,451944,19795147200
2026-08-06,491000,리브스메드,코스닥150,HOLD,주의,위꼬리 3.17,46800,,,2026-08-06,47400,1,-1.27,55.5,1.2,4,0.81,0.86,55.5,4.3,57.4,59.2,True,37473,-1.16,55.48,35.65,145901,6828166800
2026-08-07,079940,가비아,코스닥150,SELL,청산,"청선 5.7 — 5선 이탈 → 2026-08-06 종가신호, 시가 체결",45150,,,2026-07-21,47500,13,-4.95,46.3,10.6,0,10.58,0.0,-15.8,50.4,60.6,56.8,True,38825,-4.44,-8.51,38.04,257328,11065104000
2026-08-07,089860,롯데렌탈,코스피200,BUY,진입,2026-08-06 종가신호 78.5점 2위 → 시가 체결,40100,78.5,2,2026-08-07,40100,0,0.0,48.0,0.0,6,1.23,0.96,3.8,34.4,68.0,69.7,True,35363,0.75,2.67,25.27,98533,3980733200
2026-08-07,251270,넷마블,코스피200,BUY,진입,2026-08-06 종가신호 37.8점 3위 → 시가 체결,38650,37.8,3,2026-08-07,38650,0,0.0,17.2,0.0,4,2.07,1.71,7.4,2.6,57.6,61.2,True,37506,4.87,6.79,6.93,209356,8562660400
2026-08-07,068270,셀트리온,코스피200,HOLD,정상,조건 유지,199300,,,2026-08-04,182100,4,9.45,20.1,0.0,11,1.81,1.53,3.8,18.8,64.7,63.2,True,178706,2.21,6.75,15.14,776632,154782757600
2026-08-07,008930,한미사이언스,코스피200,HOLD,주의,위꼬리 1.04,44650,,,2026-08-06,40250,2,10.93,71.1,0.0,7,0.31,0.76,33.7,40.2,77.3,72.1,True,33933,1.94,24.55,37.6,274791,12269418150
2026-08-07,491000,리브스메드,코스닥150,HOLD,정상,조건 유지,46200,,,2026-08-06,47400,2,-2.53,53.5,2.5,5,1.14,1.03,29.1,6.6,56.6,61.7,True,37773,-1.28,23.36,25.71,108914,5031826800
2026-08-07,089860,롯데렌탈,코스피200,HOLD,정상,조건 유지,40400,,,2026-08-07,40100,1,0.75,48.0,0.0,6,1.23,0.96,3.8,34.4,68.0,69.7,True,35363,0.75,2.67,25.27,98533,3980733200
2026-08-07,251270,넷마블,코스피200,HOLD,정상,조건 유지,40900,,,2026-08-07,38650,1,5.82,17.2,0.0,4,2.07,1.71,7.4,2.6,57.6,61.2,True,37506,4.87,6.79,6.93,209356,8562660400
2026-08-10,009540,HD한국조선해양,코스피200,BUY,진입,2026-08-07 종가신호 67.8점 2위 → 시가 체결,398500,67.8,2,2026-08-10,398500,0,0.0,23.5,0.0,4,0.19,0.19,10.9,8.1,56.9,62.5,True,361033,1.38,9.63,18.65,138296,55871584000
2026-08-10,068270,셀트리온,코스피200,HOLD,정상,조건 유지,201000,,,2026-08-04,182100,5,10.38,21.2,0.0,12,1.66,1.54,7.6,21.9,65.6,63.6,True,179876,0.85,10.32,14.73,533999,107333799000
2026-08-10,008930,한미사이언스,코스피200,HOLD,정상,조건 유지,45700,,,2026-08-06,40250,3,13.54,75.1,0.0,8,0.27,0.71,37.0,44.8,78.6,76.2,True,34586,2.35,26.77,36.83,347419,15877048300
2026-08-10,491000,리브스메드,코스닥150,HOLD,주의,위꼬리 0.56,49900,,,2026-08-06,47400,3,5.27,65.8,0.0,6,0.95,1.03,28.2,9.9,60.2,65.7,True,38335,8.01,20.53,18.11,268084,13377391600
2026-08-10,089860,롯데렌탈,코스피200,HOLD,주의,위꼬리 0.54,42800,,,2026-08-07,40100,2,6.73,56.8,0.0,7,1.06,0.99,14.1,37.2,73.1,71.7,True,35880,5.94,9.88,28.92,221167,9465947600
2026-08-10,251270,넷마블,코스피200,HOLD,주의,위꼬리 3.5,40250,,,2026-08-07,38650,2,4.14,15.3,1.6,5,1.98,1.54,5.6,4.8,55.3,59.9,True,37676,-1.59,5.09,7.19,144831,5829447750
2026-08-10,009540,HD한국조선해양,코스피200,HOLD,주의,위꼬리 1.27,404000,,,2026-08-10,398500,1,1.38,23.5,0.0,4,0.19,0.19,10.9,8.1,56.9,62.5,True,361033,1.38,9.63,18.65,138296,55871584000
2026-08-11,000100,유한양행,코스피200,BUY,진입,2026-08-10 종가신호 83.3점 1위 → 시가 체결,82400,83.3,1,2026-08-11,82400,0,0.0,28.9,0.0,6,0.29,0.65,16.3,19.1,67.8,69.9,True,72216,4.39,14.44,25.7,502391,43004669600
2026-08-11,213420,덕산네오룩스,코스닥150,BUY,진입,2026-08-10 종가신호 74.3점 2위 → 시가 체결,35950,74.3,2,2026-08-11,35950,0,0.0,40.3,0.0,4,0.37,0.65,19.3,5.2,58.2,63.3,True,30628,0.14,15.95,24.7,179239,6515337650
2026-08-11,068760,셀트리온제약,코스닥150,BUY,진입,2026-08-10 종가신호 73.1점 3위 → 시가 체결,44750,73.1,3,2026-08-11,44750,0,0.0,21.3,0.0,6,1.0,1.42,11.6,11.4,63.1,60.2,True,40835,2.44,10.55,14.53,103281,4761254100
2026-08-11,002790,아모레퍼시픽홀딩스,코스피200,BUY,진입,2026-08-10 종가신호 71.6점 5위 → 시가 체결,26400,71.6,5,2026-08-11,26400,0,0.0,32.0,0.9,14,1.47,1.53,5.4,19.3,60.9,61.6,True,24713,2.08,4.25,12.5,125751,3395277000
2026-08-11,068270,셀트리온,코스피200,HOLD,정상,조건 유지,210500,,,2026-08-04,182100,6,15.6,26.9,0.0,13,1.53,1.55,11.1,26.6,70.2,70.1,True,180920,4.73,13.29,20.22,886325,186571412500
2026-08-11,008930,한미사이언스,코스피200,HOLD,주의,위꼬리 6.88,46200,,,2026-08-06,40250,4,14.78,77.0,0.0,9,0.24,0.68,26.8,48.5,79.2,71.0,True,35131,1.09,17.86,39.58,295305,13643091000
2026-08-11,089860,롯데렌탈,코스피200,HOLD,주의,위꼬리 0.67,45000,,,2026-08-07,40100,3,12.22,64.8,0.0,8,0.92,0.99,20.5,41.2,76.8,70.4,True,36431,5.14,14.21,31.58,590664,26579880000
2026-08-11,251270,넷마블,코스피200,HOLD,주의,위꼬리 2.0,40550,,,2026-08-07,38650,3,4.92,16.2,0.9,6,1.79,1.47,3.6,6.8,56.1,59.4,True,37765,0.75,3.18,6.29,140507,5697558850
2026-08-11,009540,HD한국조선해양,코스피200,HOLD,주의,위꼬리 0.93,398000,,,2026-08-10,398500,2,-0.13,21.7,1.5,5,0.45,0.55,7.3,8.9,55.3,54.4,True,362183,-1.49,6.42,16.54,142351,56655698000
2026-08-11,000100,유한양행,코스피200,HOLD,주의,위꼬리 0.59,85600,,,2026-08-11,82400,1,3.88,28.9,0.0,6,0.29,0.65,16.3,19.1,67.8,69.9,True,72216,4.39,14.44,25.7,502391,43004669600
2026-08-11,213420,덕산네오룩스,코스닥150,HOLD,주의,위꼬리 3.0,36350,,,2026-08-11,35950,1,1.11,40.3,0.0,4,0.37,0.65,19.3,5.2,58.2,63.3,True,30628,0.14,15.95,24.7,179239,6515337650
2026-08-11,068760,셀트리온제약,코스닥150,HOLD,주의,위꼬리 0.67,46100,,,2026-08-11,44750,1,3.02,21.3,0.0,6,1.0,1.42,11.6,11.4,63.1,60.2,True,40835,2.44,10.55,14.53,103281,4761254100
2026-08-11,002790,아모레퍼시픽홀딩스,코스피200,HOLD,주의,위꼬리 1.0,27000,,,2026-08-11,26400,1,2.27,32.0,0.9,14,1.47,1.53,5.4,19.3,60.9,61.6,True,24713,2.08,4.25,12.5,125751,3395277000
2026-08-12,491000,리브스메드,코스닥150,SELL,청산,"장대음봉 -7.0% → 2026-08-11 종가신호, 시가 체결",46950,,,2026-08-06,47400,4,-0.95,53.0,8.4,0,8.36,0.0,-4.3,11.1,55.1,53.4,True,38911,-0.75,-2.75,26.86,62901,2896591050
2026-08-12,035720,카카오,코스피200,BUY,진입,2026-08-11 종가신호 81.8점 1위 → 시가 체결,40700,81.8,1,2026-08-12,40700,0,0.0,19.3,1.4,7,0.32,0.53,4.2,14.4,58.9,61.7,True,36406,-1.35,5.24,18.61,868732,34879589800
2026-08-12,068270,셀트리온,코스피200,HOLD,주의,위꼬리 0.88,204500,,,2026-08-04,182100,7,12.3,20.2,2.9,14,1.63,1.54,1.7,27.6,64.4,66.4,True,181960,-2.85,7.46,18.34,391566,80075247000
2026-08-12,251270,넷마블,코스피200,HOLD,주의,위꼬리 999.0,40350,,,2026-08-07,38650,4,4.4,15.6,1.4,7,1.73,1.37,6.9,8.1,55.4,60.3,True,37865,-0.49,6.32,9.35,39325,1586763750
2026-08-12,000100,유한양행,코스피200,HOLD,정상,조건 유지,83800,,,2026-08-11,82400,2,1.7,25.6,2.1,7,0.56,0.88,12.5,21.7,63.9,67.0,True,72670,-2.1,11.58,25.64,129832,10879921600
2026-08-12,213420,덕산네오룩스,코스닥150,HOLD,정상,조건 유지,35200,,,2026-08-11,35950,2,-2.09,35.9,3.3,5,0.95,1.29,13.5,6.9,55.5,60.9,True,30708,-3.16,11.04,22.43,63146,2222739200
2026-08-12,068760,셀트리온제약,코스닥150,HOLD,주의,위꼬리 0.92,45000,,,2026-08-11,44750,2,0.56,18.4,2.4,7,1.2,1.41,7.9,13.4,58.8,57.0,True,40971,-2.39,7.14,13.35,35274,1587330000
2026-08-12,002790,아모레퍼시픽홀딩스,코스피200,HOLD,주의,위꼬리 4.0,27200,,,2026-08-11,26400,2,3.03,24.8,0.2,15,1.38,1.51,-2.9,20.6,61.7,60.9,True,24893,0.74,4.21,14.29,37293,1014369600
2026-08-12,035720,카카오,코스피200,HOLD,주의,위꼬리 1.36,40150,,,2026-08-12,40700,1,-1.35,19.3,1.4,7,0.32,0.53,4.2,14.4,58.9,61.7,True,36406,-1.35,5.24,18.61,868732,34879589800
